"caption","commentsCount","likesCount","videoViewCount","timestamp","images/0","images/1","images/2","images/3","images/4","images/5","images/6","images/7","images/8","images/9","images/10","images/11","images/12","images/13","images/14"
"12th Fail actress Medha Shankr recently met the beloved music sensation, Sonu Nigam, at a Diwali party held in the city. She took to her social media handle to share a click alongwith a warm note that revealed a heartfelt anecdote from her childhood. The actress recalled attending Sonu Nigam’s concert at the mere age of 11, along with her family, and shared how his voice continues to remind her of her childhood and home.

“I was 11 when I attended Sir’s concert with my family. He wasn’t feeling well that evening, so a few other artists performed before him. Then, for a few minutes, the stage went quiet. Just the lights, the anticipation, and then… that voice singing “Suraj Hua Maddham” ,before we could even see him on stage. The 11-year-old me couldn’t hold back tears. I was so overwhelmed. The next 2 hours were nothing short of magical!” she wrote.

And added, “At one point, you asked the audience to sing along, and the whole crowd joined in. Then you smiled and said, “Wow, aap log toh achha gaate hain.” And in that moment, I truly believed you were speaking only to me. There’s no one like you in the world, @sonunigamofficial Sir. Aapki awaaz mujhe mere ghar aur bachpan jaisi mehsoos hoti hai. And Thankyou so much for that.”
.
.
.
.
@medhashankr @sonunigamofficial 
[Medha Shankr, Sonu Nigam, Bollywood, Bollywood Bubble]","0","197",,"2025-10-23T08:20:49.000Z","https://scontent-ord5-1.cdninstagram.com/v/t51.2885-15/568693162_18486311194072700_8021173101836696147_n.jpg?stp=dst-jpg_e15_fr_p1080x1080_tt6&_nc_ht=scontent-ord5-1.cdninstagram.com&_nc_cat=108&_nc_oc=Q6cZ2QFfbopbn2fFK1kFgM8Fz8uxf8WRzzdoV6ttkiCRQCzhYZxW5O4sUCwNjFE2Dj6TnTyRfdWW6PEtUh2DTKVtCg1U&_nc_ohc=m_qzOp6G6BYQ7kNvwG7KHG4&_nc_gid=rC1szFW5vg994lpASSX0pQ&edm=APs17CUBAAAA&ccb=7-5&oh=00_AffP4fb9_-8k58hvMGX9fZnrZyBmCgmc3e1bolsij3vjgg&oe=68FFF912&_nc_sid=10d13b","https://scontent-ord5-1.cdninstagram.com/v/t51.2885-15/568534783_18486311203072700_3793426144600265455_n.jpg?stp=dst-jpg_e35_p1080x1080_sh0.08_tt6&_nc_ht=scontent-ord5-1.cdninstagram.com&_nc_cat=108&_nc_oc=Q6cZ2QFfbopbn2fFK1kFgM8Fz8uxf8WRzzdoV6ttkiCRQCzhYZxW5O4sUCwNjFE2Dj6TnTyRfdWW6PEtUh2DTKVtCg1U&_nc_ohc=IeMFKO7qH8sQ7kNvwEKb28y&_nc_gid=rC1szFW5vg994lpASSX0pQ&edm=APs17CUBAAAA&ccb=7-5&oh=00_Afdzm77WORjZPdn0pZdJEQsOKVsq3M_BiO-Ux8qk1l3KLw&oe=68FFF3AC&_nc_sid=10d13b",,,,,,,,,,,,,
"Sonakshi Sinha shares heartwarming moments with Zaheer and family as they enjoy fun times together❤️✨

.
.
@aslisona 
[Sonakshi Sinha, Bollywood, Bollywood Bubble]","1","779",,"2025-10-23T11:09:55.000Z","https://instagram.feau1-1.fna.fbcdn.net/v/t51.2885-15/569810990_18486328306072700_5338129182370144166_n.jpg?stp=dst-jpg_e15_fr_p1080x1080_tt6&_nc_ht=instagram.feau1-1.fna.fbcdn.net&_nc_cat=108&_nc_oc=Q6cZ2QEqRXgjOM3YPfFNTtTm7Wqc4Z5FxyutrK_HDALGH3GVmNC51eejvUqZiRi5h949kz0&_nc_ohc=fjHqkBrpg9cQ7kNvwEW6I7O&_nc_gid=dvrddUyEnzhP_Gvv33bEPA&edm=APs17CUBAAAA&ccb=7-5&oh=00_Affcel38lyCEr0VjOrm4lVaGMaJlKIhphg-RjHUtvz__SA&oe=69002556&_nc_sid=10d13b","https://instagram.feau1-1.fna.fbcdn.net/v/t51.2885-15/568123310_18486328246072700_6955161920693084088_n.jpg?stp=dst-jpg_e15_fr_p1080x1080_tt6&_nc_ht=instagram.feau1-1.fna.fbcdn.net&_nc_cat=108&_nc_oc=Q6cZ2QEqRXgjOM3YPfFNTtTm7Wqc4Z5FxyutrK_HDALGH3GVmNC51eejvUqZiRi5h949kz0&_nc_ohc=hpoVpxeoZMYQ7kNvwG6HiT8&_nc_gid=dvrddUyEnzhP_Gvv33bEPA&edm=APs17CUBAAAA&ccb=7-5&oh=00_AfcTJprFQJPlR5zsZjVQdShR9uxKKrOZfYSg-QIAjIybfA&oe=69000EB1&_nc_sid=10d13b","https://instagram.feau1-1.fna.fbcdn.net/v/t51.2885-15/568693162_18486328258072700_7776138989964619462_n.jpg?stp=dst-jpg_e15_fr_p1080x1080_tt6&_nc_ht=instagram.feau1-1.fna.fbcdn.net&_nc_cat=108&_nc_oc=Q6cZ2QEqRXgjOM3YPfFNTtTm7Wqc4Z5FxyutrK_HDALGH3GVmNC51eejvUqZiRi5h949kz0&_nc_ohc=15ZyYzVLZC8Q7kNvwFKV9ym&_nc_gid=dvrddUyEnzhP_Gvv33bEPA&edm=APs17CUBAAAA&ccb=7-5&oh=00_AfdZTKNGub0ClYpc3FxmBBS0m4PMOYfEz3fPWzA_ukW7Ag&oe=690026BC&_nc_sid=10d13b","https://instagram.feau1-1.fna.fbcdn.net/v/t51.2885-15/569762585_18486328294072700_268412808073642536_n.jpg?stp=dst-jpg_e15_tt6&_nc_ht=instagram.feau1-1.fna.fbcdn.net&_nc_cat=108&_nc_oc=Q6cZ2QEqRXgjOM3YPfFNTtTm7Wqc4Z5FxyutrK_HDALGH3GVmNC51eejvUqZiRi5h949kz0&_nc_ohc=-q3_xV6TS_kQ7kNvwH4TWyy&_nc_gid=dvrddUyEnzhP_Gvv33bEPA&edm=APs17CUBAAAA&ccb=7-5&oh=00_AfdcGNIdTEOPFUGhpffXXsyEBaIQcoiwQiYC_Z6iveAALQ&oe=69001FCE&_nc_sid=10d13b","https://instagram.feau1-1.fna.fbcdn.net/v/t51.2885-15/567417458_18486328312072700_8893346894664537813_n.jpg?stp=dst-jpg_e15_fr_p1080x1080_tt6&_nc_ht=instagram.feau1-1.fna.fbcdn.net&_nc_cat=108&_nc_oc=Q6cZ2QEqRXgjOM3YPfFNTtTm7Wqc4Z5FxyutrK_HDALGH3GVmNC51eejvUqZiRi5h949kz0&_nc_ohc=yLXysXPsnTAQ7kNvwGgwery&_nc_gid=dvrddUyEnzhP_Gvv33bEPA&edm=APs17CUBAAAA&ccb=7-5&oh=00_Afcz5s3K-20c6uguKyhYlL3UJV0OiIcyA70GeeF7wYIzfw&oe=69000E2B&_nc_sid=10d13b","https://instagram.feau1-1.fna.fbcdn.net/v/t51.2885-15/568582078_18486328279072700_7121140887207301356_n.jpg?stp=dst-jpg_e15_fr_p1080x1080_tt6&_nc_ht=instagram.feau1-1.fna.fbcdn.net&_nc_cat=108&_nc_oc=Q6cZ2QEqRXgjOM3YPfFNTtTm7Wqc4Z5FxyutrK_HDALGH3GVmNC51eejvUqZiRi5h949kz0&_nc_ohc=Og6H4Nqhw5MQ7kNvwGTW8Re&_nc_gid=dvrddUyEnzhP_Gvv33bEPA&edm=APs17CUBAAAA&ccb=7-5&oh=00_AffzGA7dERoETrf1M3ixPZ_JzujJi3Zcurkjbz2MSGj2MQ&oe=68FFF622&_nc_sid=10d13b","https://instagram.feau1-1.fna.fbcdn.net/v/t51.2885-15/569053620_18486328297072700_9051085752403460201_n.jpg?stp=dst-jpg_e15_fr_p1080x1080_tt6&_nc_ht=instagram.feau1-1.fna.fbcdn.net&_nc_cat=108&_nc_oc=Q6cZ2QEqRXgjOM3YPfFNTtTm7Wqc4Z5FxyutrK_HDALGH3GVmNC51eejvUqZiRi5h949kz0&_nc_ohc=RQys59gyzksQ7kNvwEnKGR3&_nc_gid=dvrddUyEnzhP_Gvv33bEPA&edm=APs17CUBAAAA&ccb=7-5&oh=00_AffnkMZoXKVc4XwbBzOcj7zLMwHqDPpazMSDqz1v4ddzUw&oe=69000C8F&_nc_sid=10d13b","https://instagram.feau1-1.fna.fbcdn.net/v/t51.2885-15/568657503_18486328309072700_184267195319701296_n.jpg?stp=dst-jpg_e15_fr_p1080x1080_tt6&_nc_ht=instagram.feau1-1.fna.fbcdn.net&_nc_cat=108&_nc_oc=Q6cZ2QEqRXgjOM3YPfFNTtTm7Wqc4Z5FxyutrK_HDALGH3GVmNC51eejvUqZiRi5h949kz0&_nc_ohc=m1DJXqM94QAQ7kNvwE9howd&_nc_gid=dvrddUyEnzhP_Gvv33bEPA&edm=APs17CUBAAAA&ccb=7-5&oh=00_AfcQp8JUL5t1_cJMuYiofdAegAe0ERNIxZKoT0s2C8HGKg&oe=690008AD&_nc_sid=10d13b","https://instagram.feau1-1.fna.fbcdn.net/v/t51.2885-15/568850466_18486328336072700_5882892335868618527_n.jpg?stp=dst-jpg_e15_fr_p1080x1080_tt6&_nc_ht=instagram.feau1-1.fna.fbcdn.net&_nc_cat=108&_nc_oc=Q6cZ2QEqRXgjOM3YPfFNTtTm7Wqc4Z5FxyutrK_HDALGH3GVmNC51eejvUqZiRi5h949kz0&_nc_ohc=0ug01Pbi4L0Q7kNvwHY0fk5&_nc_gid=dvrddUyEnzhP_Gvv33bEPA&edm=APs17CUBAAAA&ccb=7-5&oh=00_AfcOsnWywV7wb1w30kYnXwTVb-j0uFRpTLSL2qIR5-MjlQ&oe=69001939&_nc_sid=10d13b","https://instagram.feau1-1.fna.fbcdn.net/v/t51.2885-15/569852004_18486328339072700_4124370193056774371_n.jpg?stp=dst-jpg_e15_fr_p1080x1080_tt6&_nc_ht=instagram.feau1-1.fna.fbcdn.net&_nc_cat=108&_nc_oc=Q6cZ2QEqRXgjOM3YPfFNTtTm7Wqc4Z5FxyutrK_HDALGH3GVmNC51eejvUqZiRi5h949kz0&_nc_ohc=uM6Fmz7Uz48Q7kNvwEXfqO6&_nc_gid=dvrddUyEnzhP_Gvv33bEPA&edm=APs17CUBAAAA&ccb=7-5&oh=00_AfcG_7NqII001huMLbjvoJkPr02O8zs7O5WjzyQSZL2tjQ&oe=6900168C&_nc_sid=10d13b","https://instagram.feau1-1.fna.fbcdn.net/v/t51.2885-15/568678509_18486328348072700_2507702785608539527_n.jpg?stp=dst-jpg_e15_fr_p1080x1080_tt6&_nc_ht=instagram.feau1-1.fna.fbcdn.net&_nc_cat=108&_nc_oc=Q6cZ2QEqRXgjOM3YPfFNTtTm7Wqc4Z5FxyutrK_HDALGH3GVmNC51eejvUqZiRi5h949kz0&_nc_ohc=6ETGMUwaDp0Q7kNvwF-diS8&_nc_gid=dvrddUyEnzhP_Gvv33bEPA&edm=APs17CUBAAAA&ccb=7-5&oh=00_Aff-NVhc1fa-qpuNsXBtcHK60AWMT5UhUUF309w6NLgNlg&oe=69000229&_nc_sid=10d13b","https://instagram.feau1-1.fna.fbcdn.net/v/t51.2885-15/569116331_18486328357072700_5955217234163888166_n.jpg?stp=dst-jpg_e15_fr_p1080x1080_tt6&_nc_ht=instagram.feau1-1.fna.fbcdn.net&_nc_cat=108&_nc_oc=Q6cZ2QEqRXgjOM3YPfFNTtTm7Wqc4Z5FxyutrK_HDALGH3GVmNC51eejvUqZiRi5h949kz0&_nc_ohc=e6p3w05fKeUQ7kNvwH9nor2&_nc_gid=dvrddUyEnzhP_Gvv33bEPA&edm=APs17CUBAAAA&ccb=7-5&oh=00_AfeonRaWJDsL5178Okm5Litr1d3nfb-Rku_vG8I4TpGQhA&oe=690007F7&_nc_sid=10d13b","https://instagram.feau1-1.fna.fbcdn.net/v/t51.2885-15/568811700_18486328372072700_7541312291366921138_n.jpg?stp=dst-jpg_e15_fr_p1080x1080_tt6&_nc_ht=instagram.feau1-1.fna.fbcdn.net&_nc_cat=108&_nc_oc=Q6cZ2QEqRXgjOM3YPfFNTtTm7Wqc4Z5FxyutrK_HDALGH3GVmNC51eejvUqZiRi5h949kz0&_nc_ohc=X6J_a0e-wqwQ7kNvwEYxp2l&_nc_gid=dvrddUyEnzhP_Gvv33bEPA&edm=APs17CUBAAAA&ccb=7-5&oh=00_AfdCRzOlkxJDvpbmw1lTrlaGr0-3kJOibtimQUfAQut58A&oe=68FFF829&_nc_sid=10d13b","https://instagram.feau1-1.fna.fbcdn.net/v/t51.2885-15/568800246_18486328375072700_1905650588147966615_n.jpg?stp=dst-jpg_e15_fr_p1080x1080_tt6&_nc_ht=instagram.feau1-1.fna.fbcdn.net&_nc_cat=108&_nc_oc=Q6cZ2QEqRXgjOM3YPfFNTtTm7Wqc4Z5FxyutrK_HDALGH3GVmNC51eejvUqZiRi5h949kz0&_nc_ohc=u0WqFiNscXwQ7kNvwHQnJZm&_nc_gid=dvrddUyEnzhP_Gvv33bEPA&edm=APs17CUBAAAA&ccb=7-5&oh=00_Affc0x8rTDFo-6s2i4aXrCcG8Z1rw6DC7yIB3X3wKSbRVg&oe=68FFFC40&_nc_sid=10d13b","https://instagram.feau1-1.fna.fbcdn.net/v/t51.2885-15/569200844_18486328384072700_2167631974974074951_n.jpg?stp=dst-jpg_e15_tt6&_nc_ht=instagram.feau1-1.fna.fbcdn.net&_nc_cat=108&_nc_oc=Q6cZ2QEqRXgjOM3YPfFNTtTm7Wqc4Z5FxyutrK_HDALGH3GVmNC51eejvUqZiRi5h949kz0&_nc_ohc=tjtlYfyfBjQQ7kNvwFD3hWr&_nc_gid=dvrddUyEnzhP_Gvv33bEPA&edm=APs17CUBAAAA&ccb=7-5&oh=00_Afd2CPsMZz4Lvsqa0qQpFDKINUlKekQ_ZXTlIKUV6EwsvA&oe=690006B4&_nc_sid=10d13b"
"Malaika Arora singing her own iconic song must have been a total show-stealer moment of the evening!😍🙌🏻

.
.
@malaikaaroraofficial 
[Malaika Arora, Bollywood, Bollywood Bubble]","4","433","26402","2025-10-23T09:26:36.000Z",,,,,,,,,,,,,,,
"In a recent interview, when asked why she broke down into tears when Govinda was discharged from the hospital, Tina Ahuja shared, “Woh uss time pe mera tear of victory tha. Kyunki maine uss time pe literally bhagwan se itni prarthnayein ki thi. Aur bohot mujhe uss time pe achha laga tha ki mere father was healthy, happy and he was out of it. Because first he was in the ICCU and I was sleeping down and then he was shifted to the ICU. And my father naa, woh bohot finicky hain. Woh bohot desi hain. Toh woh drips nahi lena, woh antibiotics nahi lena, unko bohot yeh sab cheezon se irritation hoti hai. Toh jab ek insaan woh fight kar raha hota hai naa ki yaar ab kya karein, ab kaise karein. And I was literally sleeping down in the ICU and I wanted him to be back.”

Tina recalled in the interview with Filmygyan, “Bas uss time pe, because jab woh gun shot hua bhi tha, I was the one who took him to the hospital, and I had seen he was going... woh actually jaa rahe the ek event ke liye Calcutta, aur woh early morning flight thi. And maine bakaida woh movies mein jaise hota hai naa... He was wearing a white pant, white jeans lagayi thi aur white t-shirt tha aur jacket tha. Woh poora white jeans jo hai naa poora laal ho gaya tha. And I told him, ‘Papa, yeh all thanks to all your movies,’ ki woh jo bolte hain naa flashback mein aa gaya, you had the courage to fight back and you know, to go to the hospital. Aur mujhe pata hai woh kaise main unko leke gayi thi wahan pe. Toh it was just that, ek hota hai naa ki khushi ke aansu, ki thank you god he’s back. Bas wohi tha. And I’m very emotional, I’m little desi hun main thodi si.”

.
.
@tina.ahuja @govinda_herono1 
[Tina Ahuja, Govinda, Bollywood, Bollywood Bubble]","1","297",,"2025-10-23T10:12:09.000Z",,,,,,,,,,,,,,,
"Catch a glimpse of Ranbir Kapoor and Alia Bhatt as they get papped at Kalina airport!❤️

.
.
[Ranbir Kapoor, Alia Bhatt, Bollywood, Bollywood Bubble]","0","274","7842","2025-10-23T07:32:20.000Z",,,,,,,,,,,,,,,
"Stunning and stylish, Sonam Bajwa and Harshvardhan Rane shine together like a glamorous pair, are they your dream couple too? 🌸❤️
.
.
.
.
@sonambajwa @harshvardhanrane 
[Sonam Bajwa, Harshvardhan Rane, Bollywood, Bollywood Bubble]","9","102",,"2025-10-23T14:28:30.000Z","https://scontent-atl3-3.cdninstagram.com/v/t51.2885-15/569037055_18486349096072700_939908832226165341_n.jpg?stp=dst-jpg_e15_fr_p1080x1080_tt6&_nc_ht=scontent-atl3-3.cdninstagram.com&_nc_cat=108&_nc_oc=Q6cZ2QHcmoRfvD5ZUEXkMB0X2sQH9BpCfu6I__SE0IAriZiLfJogJeC0GSA-24Z5Ai2e0V4&_nc_ohc=5N53helNjRcQ7kNvwGjJ4K0&_nc_gid=4r9D9pkc8LlxIWa5Mozwtg&edm=APs17CUBAAAA&ccb=7-5&oh=00_AffOvACA2lKC4426jkeGAPd-ZBRvPaCdd-9SM3julfXmEQ&oe=69001C7D&_nc_sid=10d13b","https://scontent-atl3-3.cdninstagram.com/v/t51.2885-15/569114078_18486349105072700_5700319438409314408_n.jpg?stp=dst-jpg_e15_fr_p1080x1080_tt6&_nc_ht=scontent-atl3-3.cdninstagram.com&_nc_cat=108&_nc_oc=Q6cZ2QHcmoRfvD5ZUEXkMB0X2sQH9BpCfu6I__SE0IAriZiLfJogJeC0GSA-24Z5Ai2e0V4&_nc_ohc=596m9fjbCBkQ7kNvwERzqLG&_nc_gid=4r9D9pkc8LlxIWa5Mozwtg&edm=APs17CUBAAAA&ccb=7-5&oh=00_AfelL5GWQj6ahSPL7b4UQfus1KtUDGr5oiK637mPwoyDoA&oe=69001D6D&_nc_sid=10d13b","https://scontent-atl3-3.cdninstagram.com/v/t51.2885-15/569214454_18486349114072700_8734839807156633878_n.jpg?stp=dst-jpg_e15_fr_p1080x1080_tt6&_nc_ht=scontent-atl3-3.cdninstagram.com&_nc_cat=108&_nc_oc=Q6cZ2QHcmoRfvD5ZUEXkMB0X2sQH9BpCfu6I__SE0IAriZiLfJogJeC0GSA-24Z5Ai2e0V4&_nc_ohc=MWmjD2cIilUQ7kNvwGq3wDe&_nc_gid=4r9D9pkc8LlxIWa5Mozwtg&edm=APs17CUBAAAA&ccb=7-5&oh=00_AfeoCkcPGvfPNMmiC5o1LKuxsN4M5_u5D9DSc4AsohGlmQ&oe=690004B9&_nc_sid=10d13b",,,,,,,,,,,,
"Sonal Chauhan flaunts her fresh blowout as she gets papped outside salon!❤️

.
.
@sonalchauhan 
[Sonal Chauhan, Bollywood, Bollywood Bubble]","0","102","7450","2025-10-23T11:55:17.000Z",,,,,,,,,,,,,,,
"Malaika Arora celebrates her birthday in style with near and dear ones!❤️🤩

.
.
@malaikaaroraofficial 
[Malaika Arora, Bollywood, Bollywood Bubble]","23","4159",,"2025-10-23T08:22:02.000Z","https://scontent-ord5-1.cdninstagram.com/v/t51.2885-15/569941939_18486310606072700_9151472949007813949_n.jpg?stp=dst-jpg_e15_fr_p1080x1080_tt6&_nc_ht=scontent-ord5-1.cdninstagram.com&_nc_cat=1&_nc_oc=Q6cZ2QF_ebVlDeRwoYMjl3nY_PED9I1bVw4ZTJZRUAgeIb2il7571UIYHQrSH33iOVkLvzU&_nc_ohc=wMkVtZgFo4UQ7kNvwHRDtWO&_nc_gid=nYBWssihUDubTaYKlDgp7w&edm=APs17CUBAAAA&ccb=7-5&oh=00_Afde8LRg4ZRtO5fAL_qKagIs62JVrluJJGv1gtBth9wDkQ&oe=690024E0&_nc_sid=10d13b","https://scontent-ord5-1.cdninstagram.com/v/t51.2885-15/568765730_18486310654072700_4092501082200523837_n.jpg?stp=dst-jpg_e15_tt6&_nc_ht=scontent-ord5-1.cdninstagram.com&_nc_cat=108&_nc_oc=Q6cZ2QF_ebVlDeRwoYMjl3nY_PED9I1bVw4ZTJZRUAgeIb2il7571UIYHQrSH33iOVkLvzU&_nc_ohc=qeKuAbj3-5oQ7kNvwFBIJHD&_nc_gid=nYBWssihUDubTaYKlDgp7w&edm=APs17CUBAAAA&ccb=7-5&oh=00_AfeaRmnSrbyplRhkNErjnrbt-MYd4CbUkzZiZ-pUTI8Flg&oe=69002374&_nc_sid=10d13b","https://scontent-ord5-1.cdninstagram.com/v/t51.2885-15/569208225_18486310615072700_5790561230691950595_n.jpg?stp=dst-jpg_e35_p1080x1080_sh0.08_tt6&_nc_ht=scontent-ord5-1.cdninstagram.com&_nc_cat=108&_nc_oc=Q6cZ2QF_ebVlDeRwoYMjl3nY_PED9I1bVw4ZTJZRUAgeIb2il7571UIYHQrSH33iOVkLvzU&_nc_ohc=vGFBtqMHFikQ7kNvwFHEaFT&_nc_gid=nYBWssihUDubTaYKlDgp7w&edm=APs17CUBAAAA&ccb=7-5&oh=00_AffeV6XQqUDrFnZ0aH9LeE5GCVB0_axIJuu2EOPRdcoYyQ&oe=69001C84&_nc_sid=10d13b","https://scontent-ord5-1.cdninstagram.com/v/t51.2885-15/570619777_18486310630072700_5826267467156104470_n.jpg?stp=dst-jpg_e35_p1080x1080_sh0.08_tt6&_nc_ht=scontent-ord5-1.cdninstagram.com&_nc_cat=108&_nc_oc=Q6cZ2QF_ebVlDeRwoYMjl3nY_PED9I1bVw4ZTJZRUAgeIb2il7571UIYHQrSH33iOVkLvzU&_nc_ohc=ynnWbzeq-R0Q7kNvwEsnyQU&_nc_gid=nYBWssihUDubTaYKlDgp7w&edm=APs17CUBAAAA&ccb=7-5&oh=00_Afdm4LN5BhPJ5XHlGggQZxo2DS_VnMVHQryJ17WovvJFnw&oe=68FFF5B7&_nc_sid=10d13b","https://scontent-ord5-1.cdninstagram.com/v/t51.2885-15/569035994_18486310642072700_4014447077769197796_n.jpg?stp=dst-jpg_e35_p1080x1080_sh0.08_tt6&_nc_ht=scontent-ord5-1.cdninstagram.com&_nc_cat=108&_nc_oc=Q6cZ2QF_ebVlDeRwoYMjl3nY_PED9I1bVw4ZTJZRUAgeIb2il7571UIYHQrSH33iOVkLvzU&_nc_ohc=Nwij2Lc5rrYQ7kNvwGiUCPR&_nc_gid=nYBWssihUDubTaYKlDgp7w&edm=APs17CUBAAAA&ccb=7-5&oh=00_AfftwPDnjwwkDZniBKb_fqyBRqAffy6p7JOLgkOC2qjWyQ&oe=69001BC8&_nc_sid=10d13b","https://scontent-ord5-1.cdninstagram.com/v/t51.2885-15/569514391_18486310633072700_4703244605532591045_n.jpg?stp=dst-jpg_e15_tt6&_nc_ht=scontent-ord5-1.cdninstagram.com&_nc_cat=108&_nc_oc=Q6cZ2QF_ebVlDeRwoYMjl3nY_PED9I1bVw4ZTJZRUAgeIb2il7571UIYHQrSH33iOVkLvzU&_nc_ohc=IHfCUV2tZOQQ7kNvwEFvu9a&_nc_gid=nYBWssihUDubTaYKlDgp7w&edm=APs17CUBAAAA&ccb=7-5&oh=00_AffH-tUTySJgePdiiB7SRAtjqJYemsf0NX459CEOJ-hlLg&oe=69001D28&_nc_sid=10d13b",,,,,,,,,
"Can you identify this B-Town actress from her walk?❤️","9","140","8113","2025-10-23T09:59:17.000Z",,,,,,,,,,,,,,,
"Cutest of them all! Shahid Kapoor spotted flashing that heart-melting smile.🫠💘
.
.
.
.
@shahidkapoor 
[Shahid Kapoor, Bollywood, Bollywood Bubble]","1","218","2176","2025-10-23T13:26:42.000Z",,,,,,,,,,,,,,,
"Ranbir Kapoor & Alia Bhatt return back in the city🩷 
.
.
.
@aliaabhatt 
[Ranbir Kapoor, Alia Bhatt, Bollywood, Bollywood Bubble]","12","659","23704","2025-10-22T18:42:59.000Z",,,,,,,,,,,,,,,
"Ibrahim Ali Khan looking effortlessly cool as he enjoys some play time!😍

.
.
@iak 
[Ibrahim Ali Khan, Bollywood, Bollywood Bubble]","5","217","6115","2025-10-23T04:36:41.000Z",,,,,,,,,,,,,,,
"Arjun Kapoor shares Malaika’s photo with a sweet note as she turns 52!❤️

.
.
[Arjun Kapoor, Malaika Arora, Bollywood, Bollywood Bubble]","2","551",,"2025-10-23T05:18:12.000Z","https://scontent-mia3-3.cdninstagram.com/v/t51.2885-15/568856865_18486297676072700_8010656544257191250_n.jpg?stp=dst-jpg_e15_fr_p1080x1080_tt6&_nc_ht=scontent-mia3-3.cdninstagram.com&_nc_cat=108&_nc_oc=Q6cZ2QFtuT3imAedgAWpH_ccWEHTNqTSIorHx1pAL_uAOPaP-RdOt-_jilIbY0maXsshcFM&_nc_ohc=uvNb6UWrRjYQ7kNvwFCen2j&_nc_gid=QEu80-0x5p51ga5cxAMqPA&edm=APs17CUBAAAA&ccb=7-5&oh=00_AfcE_Bzm7XjdiZMFGCZirP2s_9u04sbgTaAfj35pY6gRCw&oe=69001C5E&_nc_sid=10d13b","https://scontent-mia3-3.cdninstagram.com/v/t51.2885-15/569052877_18486297685072700_1066795238124622689_n.jpg?stp=dst-jpg_e35_p1080x1080_sh0.08_tt6&_nc_ht=scontent-mia3-3.cdninstagram.com&_nc_cat=108&_nc_oc=Q6cZ2QFtuT3imAedgAWpH_ccWEHTNqTSIorHx1pAL_uAOPaP-RdOt-_jilIbY0maXsshcFM&_nc_ohc=G18FvM3wqU0Q7kNvwGuQvrE&_nc_gid=QEu80-0x5p51ga5cxAMqPA&edm=APs17CUBAAAA&ccb=7-5&oh=00_AfdVPHVcapBCh4BnreaOWzjXH0xXVs6l7uE6tc67UiNsZg&oe=69000FC2&_nc_sid=10d13b",,,,,,,,,,,,,
"Diwali 2025: Adorable family moments to hearty and wholesome pujas- here's how B-town celebrated the festival of lights✨️😍
.
.
.
[Deepika Padukone, Ranveer Singh, Alia Bhatt, Ranbir Kapoor, Varun Dhawan, Kareena Kapoor, Priyanka Chopra, Kiara Advani, Sidharth Malhotra, Triptii Dimri, Ananya Panday, Suhana Khan, Kajol, Ajay Devgn, Nysa Devgn, Vikrant Massey, Shraddha Kapoor, Kriti Sanon, Rasha Thadani, Shilpa Shettt, Twinkle Khanna, Akshay Kumar, Bollywood, Bollywood Bubble]","7","472",,"2025-10-22T12:31:10.000Z","https://instagram.fosu2-2.fna.fbcdn.net/v/t51.2885-15/568702551_18486131347072700_1938002710298921985_n.heic?stp=dst-jpg_e35_p1080x1080_sh0.08_tt6&_nc_ht=instagram.fosu2-2.fna.fbcdn.net&_nc_cat=108&_nc_oc=Q6cZ2QEUVkDNH99SiNUrsqgk1JQP1Uylhk81kIr71_xDFa-5HmwBJ4-xnKXYIZm17yNKV5UOgVgcswtc9AN_w0ltRYGQ&_nc_ohc=Tbw5hcNLFRcQ7kNvwGeQAAI&_nc_gid=ySeRfBanhIdxfALrHpqF-g&edm=APs17CUBAAAA&ccb=7-5&oh=00_AffnvzMwbeDTBl9Rd6dliw1b0aHCZ3yjpXBj7mBVdhL_uA&oe=69002751&_nc_sid=10d13b","https://instagram.fosu2-2.fna.fbcdn.net/v/t51.2885-15/568378900_18486131356072700_6972730554833267185_n.heic?stp=dst-jpg_e35_p1080x1080_sh0.08_tt6&_nc_ht=instagram.fosu2-2.fna.fbcdn.net&_nc_cat=108&_nc_oc=Q6cZ2QEUVkDNH99SiNUrsqgk1JQP1Uylhk81kIr71_xDFa-5HmwBJ4-xnKXYIZm17yNKV5UOgVgcswtc9AN_w0ltRYGQ&_nc_ohc=wN9wG-rK6lwQ7kNvwFub4YV&_nc_gid=ySeRfBanhIdxfALrHpqF-g&edm=APs17CUBAAAA&ccb=7-5&oh=00_Afc0RE3YKU2wcQgaZoJ6GWpO2-DwBw1J_zQN7M1C3GpPhQ&oe=690015A4&_nc_sid=10d13b","https://instagram.fosu2-2.fna.fbcdn.net/v/t51.2885-15/568744125_18486131365072700_5735948362263097288_n.heic?stp=dst-jpg_e35_p1080x1080_sh0.08_tt6&_nc_ht=instagram.fosu2-2.fna.fbcdn.net&_nc_cat=108&_nc_oc=Q6cZ2QEUVkDNH99SiNUrsqgk1JQP1Uylhk81kIr71_xDFa-5HmwBJ4-xnKXYIZm17yNKV5UOgVgcswtc9AN_w0ltRYGQ&_nc_ohc=UUQdB_7T5QAQ7kNvwGDhgeL&_nc_gid=ySeRfBanhIdxfALrHpqF-g&edm=APs17CUBAAAA&ccb=7-5&oh=00_AfflHSMpdzOAbqN3PzIpZIKFHsArBvJg5yq-ZQW3bSQZtA&oe=68FFFA1D&_nc_sid=10d13b","https://instagram.fosu2-2.fna.fbcdn.net/v/t51.2885-15/570537126_18486131374072700_2844410131204437559_n.heic?stp=dst-jpg_e35_p1080x1080_sh0.08_tt6&_nc_ht=instagram.fosu2-2.fna.fbcdn.net&_nc_cat=108&_nc_oc=Q6cZ2QEUVkDNH99SiNUrsqgk1JQP1Uylhk81kIr71_xDFa-5HmwBJ4-xnKXYIZm17yNKV5UOgVgcswtc9AN_w0ltRYGQ&_nc_ohc=49iBDbtgIKIQ7kNvwEA-pgV&_nc_gid=ySeRfBanhIdxfALrHpqF-g&edm=APs17CUBAAAA&ccb=7-5&oh=00_Afc9GUYKFsL9iIfu2oaA0nbOPGQDrAGRBo51NjAEGc808w&oe=69001BD1&_nc_sid=10d13b","https://instagram.fosu2-2.fna.fbcdn.net/v/t51.2885-15/568623317_18486131389072700_3960244862221131705_n.heic?stp=dst-jpg_e35_p1080x1080_sh0.08_tt6&_nc_ht=instagram.fosu2-2.fna.fbcdn.net&_nc_cat=108&_nc_oc=Q6cZ2QEUVkDNH99SiNUrsqgk1JQP1Uylhk81kIr71_xDFa-5HmwBJ4-xnKXYIZm17yNKV5UOgVgcswtc9AN_w0ltRYGQ&_nc_ohc=iUDiJHPGJDcQ7kNvwHF9Oqd&_nc_gid=ySeRfBanhIdxfALrHpqF-g&edm=APs17CUBAAAA&ccb=7-5&oh=00_AffgPV9r513-OiYjmxdnkwTVon77P-v5pz1XOMIKB-QM0w&oe=69001BC3&_nc_sid=10d13b","https://instagram.fosu2-2.fna.fbcdn.net/v/t51.2885-15/569050271_18486131401072700_8166537493837900566_n.heic?stp=dst-jpg_e35_p1080x1080_sh0.08_tt6&_nc_ht=instagram.fosu2-2.fna.fbcdn.net&_nc_cat=108&_nc_oc=Q6cZ2QEUVkDNH99SiNUrsqgk1JQP1Uylhk81kIr71_xDFa-5HmwBJ4-xnKXYIZm17yNKV5UOgVgcswtc9AN_w0ltRYGQ&_nc_ohc=YFt5XLLjGbsQ7kNvwHLhGwK&_nc_gid=ySeRfBanhIdxfALrHpqF-g&edm=APs17CUBAAAA&ccb=7-5&oh=00_AfeVSUsdT7TMclXL4i3WLrImP_4-_-lzs4yVvlKwAbvHmQ&oe=68FFF6DF&_nc_sid=10d13b","https://instagram.fosu2-2.fna.fbcdn.net/v/t51.2885-15/569087903_18486131416072700_5199688507809838471_n.heic?stp=dst-jpg_e35_p1080x1080_sh0.08_tt6&_nc_ht=instagram.fosu2-2.fna.fbcdn.net&_nc_cat=108&_nc_oc=Q6cZ2QEUVkDNH99SiNUrsqgk1JQP1Uylhk81kIr71_xDFa-5HmwBJ4-xnKXYIZm17yNKV5UOgVgcswtc9AN_w0ltRYGQ&_nc_ohc=p9cjnQkJbewQ7kNvwFlnhV4&_nc_gid=ySeRfBanhIdxfALrHpqF-g&edm=APs17CUBAAAA&ccb=7-5&oh=00_AfeFpnKGBTFpLQDTDBd2O-Qomyy0GeKr5QSeZpuufoJskA&oe=68FFF4DA&_nc_sid=10d13b","https://instagram.fosu2-2.fna.fbcdn.net/v/t51.2885-15/569658939_18486131428072700_4814307234842807235_n.heic?stp=dst-jpg_e35_p1080x1080_sh0.08_tt6&_nc_ht=instagram.fosu2-2.fna.fbcdn.net&_nc_cat=108&_nc_oc=Q6cZ2QEUVkDNH99SiNUrsqgk1JQP1Uylhk81kIr71_xDFa-5HmwBJ4-xnKXYIZm17yNKV5UOgVgcswtc9AN_w0ltRYGQ&_nc_ohc=2qbmSXpmfH4Q7kNvwEHch9q&_nc_gid=ySeRfBanhIdxfALrHpqF-g&edm=APs17CUBAAAA&ccb=7-5&oh=00_AfcKuyiliGtcxR7A82oJcjXNFP5r91Qq3_D7CIUg_VD3ow&oe=68FFF8E1&_nc_sid=10d13b","https://instagram.fosu2-2.fna.fbcdn.net/v/t51.2885-15/568624480_18486131437072700_231183193047720345_n.heic?stp=dst-jpg_e35_p1080x1080_sh0.08_tt6&_nc_ht=instagram.fosu2-2.fna.fbcdn.net&_nc_cat=108&_nc_oc=Q6cZ2QEUVkDNH99SiNUrsqgk1JQP1Uylhk81kIr71_xDFa-5HmwBJ4-xnKXYIZm17yNKV5UOgVgcswtc9AN_w0ltRYGQ&_nc_ohc=YEDhOKoARY4Q7kNvwEzThLa&_nc_gid=ySeRfBanhIdxfALrHpqF-g&edm=APs17CUBAAAA&ccb=7-5&oh=00_Afccen1e7lCP_62JI0dTNwahUvbpT1schS4owJ7tjyiJiQ&oe=690010C3&_nc_sid=10d13b","https://instagram.fosu2-2.fna.fbcdn.net/v/t51.2885-15/568760786_18486131446072700_2014269014725546015_n.heic?stp=dst-jpg_e35_p1080x1080_sh0.08_tt6&_nc_ht=instagram.fosu2-2.fna.fbcdn.net&_nc_cat=108&_nc_oc=Q6cZ2QEUVkDNH99SiNUrsqgk1JQP1Uylhk81kIr71_xDFa-5HmwBJ4-xnKXYIZm17yNKV5UOgVgcswtc9AN_w0ltRYGQ&_nc_ohc=lfOslGiv_wsQ7kNvwHd-T60&_nc_gid=ySeRfBanhIdxfALrHpqF-g&edm=APs17CUBAAAA&ccb=7-5&oh=00_AfdnzL8UyZ1bytorj0cADvyfCK8kGfepxqF96gbLIXA9GQ&oe=69000A2E&_nc_sid=10d13b","https://instagram.fosu2-2.fna.fbcdn.net/v/t51.2885-15/568535360_18486131455072700_5933149166619694706_n.heic?stp=dst-jpg_e35_p1080x1080_sh0.08_tt6&_nc_ht=instagram.fosu2-2.fna.fbcdn.net&_nc_cat=108&_nc_oc=Q6cZ2QEUVkDNH99SiNUrsqgk1JQP1Uylhk81kIr71_xDFa-5HmwBJ4-xnKXYIZm17yNKV5UOgVgcswtc9AN_w0ltRYGQ&_nc_ohc=LK7N_sLHjgUQ7kNvwEtNnhn&_nc_gid=ySeRfBanhIdxfALrHpqF-g&edm=APs17CUBAAAA&ccb=7-5&oh=00_Afeia4ZsdWzcwizaGqoWUIHDN9XNfiLrypcg2gQvI0PFYw&oe=69000A1A&_nc_sid=10d13b","https://instagram.fosu2-2.fna.fbcdn.net/v/t51.2885-15/568623580_18486131464072700_9088082986695718439_n.heic?stp=dst-jpg_e35_p1080x1080_sh0.08_tt6&_nc_ht=instagram.fosu2-2.fna.fbcdn.net&_nc_cat=108&_nc_oc=Q6cZ2QEUVkDNH99SiNUrsqgk1JQP1Uylhk81kIr71_xDFa-5HmwBJ4-xnKXYIZm17yNKV5UOgVgcswtc9AN_w0ltRYGQ&_nc_ohc=u4kPwaB5IFkQ7kNvwF8Y9GZ&_nc_gid=ySeRfBanhIdxfALrHpqF-g&edm=APs17CUBAAAA&ccb=7-5&oh=00_AfeILnEnEPAI8TB_Z2tTvQStQqMfMiFU5BJcHFp6bh6EcA&oe=690025B6&_nc_sid=10d13b","https://instagram.fosu2-2.fna.fbcdn.net/v/t51.2885-15/569202413_18486131476072700_6816693988074871965_n.heic?stp=dst-jpg_e35_p1080x1080_sh0.08_tt6&_nc_ht=instagram.fosu2-2.fna.fbcdn.net&_nc_cat=108&_nc_oc=Q6cZ2QEUVkDNH99SiNUrsqgk1JQP1Uylhk81kIr71_xDFa-5HmwBJ4-xnKXYIZm17yNKV5UOgVgcswtc9AN_w0ltRYGQ&_nc_ohc=skQjQmLPtqYQ7kNvwGEIn2t&_nc_gid=ySeRfBanhIdxfALrHpqF-g&edm=APs17CUBAAAA&ccb=7-5&oh=00_AfcUb_PBCRsYRQpqnElWsE_IMwCawJh_MHE7Hv0uDiam0A&oe=69000826&_nc_sid=10d13b","https://instagram.fosu2-2.fna.fbcdn.net/v/t51.2885-15/568687238_18486131485072700_1343174811873204595_n.heic?stp=dst-jpg_e35_p1080x1080_sh0.08_tt6&_nc_ht=instagram.fosu2-2.fna.fbcdn.net&_nc_cat=108&_nc_oc=Q6cZ2QEUVkDNH99SiNUrsqgk1JQP1Uylhk81kIr71_xDFa-5HmwBJ4-xnKXYIZm17yNKV5UOgVgcswtc9AN_w0ltRYGQ&_nc_ohc=JdLL2NK65GAQ7kNvwGkQR6F&_nc_gid=ySeRfBanhIdxfALrHpqF-g&edm=APs17CUBAAAA&ccb=7-5&oh=00_AffbW2RwEf0cN_1i8D3Res-DxeHTxM4AlSqppIGzy9MLfw&oe=69001F71&_nc_sid=10d13b","https://instagram.fosu2-2.fna.fbcdn.net/v/t51.2885-15/569658571_18486131497072700_5279437360604577867_n.heic?stp=dst-jpg_e35_p1080x1080_sh0.08_tt6&_nc_ht=instagram.fosu2-2.fna.fbcdn.net&_nc_cat=108&_nc_oc=Q6cZ2QEUVkDNH99SiNUrsqgk1JQP1Uylhk81kIr71_xDFa-5HmwBJ4-xnKXYIZm17yNKV5UOgVgcswtc9AN_w0ltRYGQ&_nc_ohc=YWNWv7jkJVQQ7kNvwFORrsi&_nc_gid=ySeRfBanhIdxfALrHpqF-g&edm=APs17CUBAAAA&ccb=7-5&oh=00_Afc5M27sRu1NKNapgXPk6MFc8UWOsGilSeDvt5J55vK_ug&oe=6900123B&_nc_sid=10d13b"
"Thirty years later, Dilwale Dulhania Le Jayenge still holds its crown as Bollywood’s most iconic love story — and now, one of its youngest cast members is revealing what it was really like to witness that magic in the making.

Pooja Ruparel, who played Chutki, Kajol’s younger sister in DDLJ, opened up about Shah Rukh Khan and Kajol’s extraordinary bond on set. “Kajol is a feminist class wrapped into a person,” she shared, adding that SRK, despite his rising stardom, remained grounded and kind.

Describing their chemistry, Pooja revealed, “They were very good friends... As a teenager, seeing two co-actors, one married, the other getting married, just falling in love... They could simulate the most perfect romance, and after the cut, they were friends again.”

@iamsrk @kajol 
[Shah Rukh Khan, Kajol, Pooja Ruparel, Bollywood, DDLJ, Bollywood Bubble]","4","474",,"2025-10-22T14:00:35.000Z",,,,,,,,,,,,,,,
"From Deepika Padukone-Ranveer Singh revealing daughter Dua's picture to Mira Kapoor calling out cracker culture during Diwali- here's what's trending in B-town today!

Visit Bollywood Bubble Website For Detailed Information!
.
.
.
[Mira Kapoor, Shahid Kapoor, Deepika Padukone, Ranveer Singh, Raghav Chadha, Parineeti Chopra, Kareena Kapoor, Asrani, Shah Rukh Khan, Gauri Khan, Ranbir Kapoor, Alia Bhatt, Rishi Kapoor, Kiara Advani, Sidharth Malhotra, Bollywood, Bollywood Bubble]","4","334",,"2025-10-22T17:00:21.000Z","https://scontent-hou1-1.cdninstagram.com/v/t51.2885-15/568331466_18486196828072700_3355539910297965624_n.heic?stp=dst-jpg_e35_p1080x1080_sh0.08_tt6&_nc_ht=scontent-hou1-1.cdninstagram.com&_nc_cat=108&_nc_oc=Q6cZ2QGO-wdUROQqCu1olnsj51JoXQee1mlhzygwkKW8G7ewlspv_qM0EOZEG-nHF0RG2ag&_nc_ohc=pl52mFuxuqQQ7kNvwHNLBum&_nc_gid=GbxUMdM3AaJUFLVagUH4RA&edm=APs17CUBAAAA&ccb=7-5&oh=00_Affbc4jQssq38UH9Ju1AQlo6ofOLhvRxU7_u5yuOZTsSFw&oe=690022D1&_nc_sid=10d13b","https://scontent-hou1-1.cdninstagram.com/v/t51.2885-15/567499375_18486196837072700_5384998304188436568_n.heic?stp=dst-jpg_e35_p1080x1080_sh0.08_tt6&_nc_ht=scontent-hou1-1.cdninstagram.com&_nc_cat=108&_nc_oc=Q6cZ2QGO-wdUROQqCu1olnsj51JoXQee1mlhzygwkKW8G7ewlspv_qM0EOZEG-nHF0RG2ag&_nc_ohc=BpqPk_uJOTkQ7kNvwHsh4JW&_nc_gid=GbxUMdM3AaJUFLVagUH4RA&edm=APs17CUBAAAA&ccb=7-5&oh=00_Afezakca2U_KmIab6EykCzSoUvLvWXTZDnBZIK4pDyA0aQ&oe=6900139A&_nc_sid=10d13b","https://scontent-hou1-1.cdninstagram.com/v/t51.2885-15/568325335_18486196846072700_7087374058393872095_n.heic?stp=dst-jpg_e35_p1080x1080_sh0.08_tt6&_nc_ht=scontent-hou1-1.cdninstagram.com&_nc_cat=108&_nc_oc=Q6cZ2QGO-wdUROQqCu1olnsj51JoXQee1mlhzygwkKW8G7ewlspv_qM0EOZEG-nHF0RG2ag&_nc_ohc=cXcDlITpcWoQ7kNvwHbCxQZ&_nc_gid=GbxUMdM3AaJUFLVagUH4RA&edm=APs17CUBAAAA&ccb=7-5&oh=00_AfdcqCuPWTIfqLbDzXgbnKce1VJbyoyrq8sVXVky3BtsJA&oe=68FFF7E0&_nc_sid=10d13b","https://scontent-hou1-1.cdninstagram.com/v/t51.2885-15/567366383_18486196855072700_6862929077780486536_n.heic?stp=dst-jpg_e35_p1080x1080_sh0.08_tt6&_nc_ht=scontent-hou1-1.cdninstagram.com&_nc_cat=108&_nc_oc=Q6cZ2QGO-wdUROQqCu1olnsj51JoXQee1mlhzygwkKW8G7ewlspv_qM0EOZEG-nHF0RG2ag&_nc_ohc=oPYi0iI4WAkQ7kNvwHfGYht&_nc_gid=GbxUMdM3AaJUFLVagUH4RA&edm=APs17CUBAAAA&ccb=7-5&oh=00_AfdJFG_TSEv79MsLvultAS1ON9FeEKo__tfVqKLoaL8FcQ&oe=68FFFF4B&_nc_sid=10d13b","https://scontent-hou1-1.cdninstagram.com/v/t51.2885-15/568678035_18486196864072700_1120236591479797749_n.heic?stp=dst-jpg_e35_p1080x1080_sh0.08_tt6&_nc_ht=scontent-hou1-1.cdninstagram.com&_nc_cat=108&_nc_oc=Q6cZ2QGO-wdUROQqCu1olnsj51JoXQee1mlhzygwkKW8G7ewlspv_qM0EOZEG-nHF0RG2ag&_nc_ohc=m3LezBRX-88Q7kNvwEidKDw&_nc_gid=GbxUMdM3AaJUFLVagUH4RA&edm=APs17CUBAAAA&ccb=7-5&oh=00_AfdpDJ-4mqqKJRLcbD6XbsTLzb4kFjXzVHZHwDwYNKFGkw&oe=69000087&_nc_sid=10d13b","https://scontent-hou1-1.cdninstagram.com/v/t51.2885-15/569547525_18486196876072700_6743219958087284650_n.heic?stp=dst-jpg_e35_p1080x1080_sh0.08_tt6&_nc_ht=scontent-hou1-1.cdninstagram.com&_nc_cat=108&_nc_oc=Q6cZ2QGO-wdUROQqCu1olnsj51JoXQee1mlhzygwkKW8G7ewlspv_qM0EOZEG-nHF0RG2ag&_nc_ohc=SE4bJ1kEdYUQ7kNvwHGBAUE&_nc_gid=GbxUMdM3AaJUFLVagUH4RA&edm=APs17CUBAAAA&ccb=7-5&oh=00_AfdrHXG73qnX-EL1poPlAoK3fNvbkTw-o4WUWSqyN642OA&oe=68FFF996&_nc_sid=10d13b","https://scontent-hou1-1.cdninstagram.com/v/t51.2885-15/568161147_18486196885072700_7558390522959287078_n.heic?stp=dst-jpg_e35_p1080x1080_sh0.08_tt6&_nc_ht=scontent-hou1-1.cdninstagram.com&_nc_cat=108&_nc_oc=Q6cZ2QGO-wdUROQqCu1olnsj51JoXQee1mlhzygwkKW8G7ewlspv_qM0EOZEG-nHF0RG2ag&_nc_ohc=LS2cM_u1kvEQ7kNvwHLuB-3&_nc_gid=GbxUMdM3AaJUFLVagUH4RA&edm=APs17CUBAAAA&ccb=7-5&oh=00_AfcYbzkSfMa4MAVi8sqVaSAiZW1FyZXt_kq10D9yN7_7kg&oe=69001C3A&_nc_sid=10d13b","https://scontent-hou1-1.cdninstagram.com/v/t51.2885-15/570014239_18486196897072700_1823286430618296921_n.heic?stp=dst-jpg_e35_p1080x1080_sh0.08_tt6&_nc_ht=scontent-hou1-1.cdninstagram.com&_nc_cat=108&_nc_oc=Q6cZ2QGO-wdUROQqCu1olnsj51JoXQee1mlhzygwkKW8G7ewlspv_qM0EOZEG-nHF0RG2ag&_nc_ohc=_KXdttn7okYQ7kNvwFDNv-g&_nc_gid=GbxUMdM3AaJUFLVagUH4RA&edm=APs17CUBAAAA&ccb=7-5&oh=00_AfeE1mKcOG3zb5bVNe6DuxKFYtUlDFGR2fcGtWEO1bRR2Q&oe=69000648&_nc_sid=10d13b","https://scontent-hou1-1.cdninstagram.com/v/t51.2885-15/568660236_18486196906072700_7355218240623437952_n.heic?stp=dst-jpg_e35_p1080x1080_sh0.08_tt6&_nc_ht=scontent-hou1-1.cdninstagram.com&_nc_cat=108&_nc_oc=Q6cZ2QGO-wdUROQqCu1olnsj51JoXQee1mlhzygwkKW8G7ewlspv_qM0EOZEG-nHF0RG2ag&_nc_ohc=dwaoNFQ88RsQ7kNvwFmVT7T&_nc_gid=GbxUMdM3AaJUFLVagUH4RA&edm=APs17CUBAAAA&ccb=7-5&oh=00_Affh8kIfTXy2F9iXsFJ6OhqzxqP4_Yt9qzScNrcEDVi9Ag&oe=68FFFFB2&_nc_sid=10d13b",,,,,,
"EXCLUSIVE: Amid all the buzz around the Lokah: Chapter 1 vs Thamma debate, Ayushmann clears the air with grace admitting he’s genuinely a fan of Lokah. He shares admiration for Kalyani Priyadarshan’s film, emphasizing that there’s room for all kinds of storytelling in today’s cinema. 
.
.
Watch Full Interview on Bollywood Bubble Youtube Channel
.
.
@ayushmannk 
[Ayushmann Khurrana, Bollywood, Bollywood Bollywood]","3","562",,"2025-10-22T13:23:34.000Z","https://scontent-iad3-1.cdninstagram.com/v/t51.2885-15/569139991_18486172744072700_7904821113258586200_n.jpg?stp=dst-jpg_e15_fr_p1080x1080_tt6&_nc_ht=scontent-iad3-1.cdninstagram.com&_nc_cat=108&_nc_oc=Q6cZ2QFybvUvKZaH6JJf-kk90NjQdrf-gZgSJ0DHD3RligH1KnjYSY5FXZS4lVgPeN_WL-M&_nc_ohc=SRKlIcyRhGsQ7kNvwHv-WmI&_nc_gid=V-QfF0OQOTOaK7Lc4xXP5Q&edm=APs17CUBAAAA&ccb=7-5&oh=00_AfevxS07QuPVT7GyuRkCzVKvHyPs7spSN2-SSPsRrlHNdg&oe=68FFFE26&_nc_sid=10d13b","https://scontent-iad3-1.cdninstagram.com/v/t51.2885-15/569417999_18486172987072700_3976117428048049655_n.jpg?stp=dst-jpg_e15_tt6&_nc_ht=scontent-iad3-1.cdninstagram.com&_nc_cat=108&_nc_oc=Q6cZ2QFybvUvKZaH6JJf-kk90NjQdrf-gZgSJ0DHD3RligH1KnjYSY5FXZS4lVgPeN_WL-M&_nc_ohc=MmJ3zEluJ0MQ7kNvwEE-AsP&_nc_gid=V-QfF0OQOTOaK7Lc4xXP5Q&edm=APs17CUBAAAA&ccb=7-5&oh=00_AfcJ17D0xvObAh5-BG5YNCLNH6Co4aSyv_yiXCsTih2RCA&oe=690004F9&_nc_sid=10d13b",,,,,,,,,,,,,
"Ram Charan and Upasana Konidela are all set to welcome their second child. They shared a video from her Seemantham ceremony on Diwali❤️✨

.
.
@alwaysramcharan 
[Ram Charan, Upasana Konidela, Bollywood, Bollywood Bubble]","6","617",,"2025-10-23T07:49:41.000Z",,,,,,,,,,,,,,,
"The debate on pay parity in Bollywood reignites — and this time, veteran filmmaker Sudhir Mishra is taking a firm stand for Deepika Padukone. 💬

In a recent podcast with Cyrus Broacha, the Chameli director spoke about the ongoing discussion around Deepika reportedly raising her fee and insisting on an 8-hour workday. Supporting her, he said, “If Deepika Padukone brings in the audience and is as big a star as any male actor, which I think she is, she should be paid that much.”

Mishra pointed out how, in films like Ram-Leela, Bajirao Mastani, and Padmaavat, Deepika was the central character — the face and the force driving the story. “In all the Bhansali films she did, she’s the main character… so I don’t see the problem. She should be paid equally, and it’s about time,” he added.

Meanwhile, Deepika herself addressed the controversy over her 8-hour shift rule, saying, “By virtue of being a woman, if that’s coming across as pushy or whatever, then so be it. But it’s no secret that many male superstars have been doing the same for years — it’s just never made headlines.”

[Deepika Padukone, Sudhir Mishra, Bollywood, Bollywood Bubble]","7","667",,"2025-10-22T14:36:49.000Z",,,,,,,,,,,,,,,
"Priyanka Chopra enjoys peaceful family time post Diwali celebrations!🫶

.
.
@priyankachopra 
[Priyanka Chopra, Bollywood, Nick Jonas, Bollywood Bubble]","0","156",,"2025-10-23T06:13:05.000Z","https://scontent-lga3-1.cdninstagram.com/v/t51.2885-15/568636263_18486302155072700_6531181222557842600_n.jpg?stp=dst-jpg_e15_fr_p1080x1080_tt6&_nc_ht=scontent-lga3-1.cdninstagram.com&_nc_cat=108&_nc_oc=Q6cZ2QEXZ_XpDup9Mw4pvOfwVXtr9UQGxU8sZ5zWgJju6nKKRbGi_7jDgOH5oxY77747KMg&_nc_ohc=A3jmgdpDG9QQ7kNvwEYqun3&_nc_gid=BuQkvRz_G4VVBpWKaUMTMQ&edm=APs17CUBAAAA&ccb=7-5&oh=00_Afe8ZSYC5r48tHGVdRnDj1fz1lXl1SOBKES4jUe9WsmA6Q&oe=68FFF8C8&_nc_sid=10d13b","https://scontent-lga3-1.cdninstagram.com/v/t51.2885-15/568963241_18486302167072700_3970373725824969442_n.jpg?stp=dst-jpg_e35_p1080x1080_sh0.08_tt6&_nc_ht=scontent-lga3-1.cdninstagram.com&_nc_cat=108&_nc_oc=Q6cZ2QEXZ_XpDup9Mw4pvOfwVXtr9UQGxU8sZ5zWgJju6nKKRbGi_7jDgOH5oxY77747KMg&_nc_ohc=c4ry4DsnDCUQ7kNvwFxYoR7&_nc_gid=BuQkvRz_G4VVBpWKaUMTMQ&edm=APs17CUBAAAA&ccb=7-5&oh=00_Afd_Awwt1maDgyXhtk5_G5VTrpwlZwBBePce8F_fD4kHlw&oe=69001EDA&_nc_sid=10d13b","https://scontent-lga3-1.cdninstagram.com/v/t51.2885-15/568643394_18486302176072700_6947052687347737051_n.jpg?stp=dst-jpg_e35_p1080x1080_sh0.08_tt6&_nc_ht=scontent-lga3-1.cdninstagram.com&_nc_cat=108&_nc_oc=Q6cZ2QEXZ_XpDup9Mw4pvOfwVXtr9UQGxU8sZ5zWgJju6nKKRbGi_7jDgOH5oxY77747KMg&_nc_ohc=6KEa9bh7K6cQ7kNvwGxOYBC&_nc_gid=BuQkvRz_G4VVBpWKaUMTMQ&edm=APs17CUBAAAA&ccb=7-5&oh=00_AffJ5M9neEnYKxg5z4QHBFXDPh6wnkEbggRtatd65cNqmw&oe=68FFF9FD&_nc_sid=10d13b",,,,,,,,,,,,
