"caption","commentsCount","likesCount","type","videoViewCount","timestamp","images/0","images/1","images/2","images/3","images/4","images/5","images/6","images/7","images/8","images/9","images/10","images/11"
"Pralay ki ghadi aa rahi hai, dharm-adharm ke yodha Kurukshetra mein kal utar rahe hain 🔥🏹
Watch Kurukshetra, out tomorrow, only on Netflix.

#KurukshetraOnNetflix @ajit_andhare @kgunedited @ujaanganguly @simaab @aslidivyakumar @imsuvarnatiwari @viacom18studios @tippingpointfilms @vineet.garg81","58","13877","Image",,"2025-10-09T07:00:32.000Z",,,,,,,,,,,,
"Joker lag rahe ho 🥰🫵

🎥: IT
[Horror, Jumpscare, Clowns, Scary, Night Time, Goodnight]","75","19745","Video","91262","2025-10-08T16:47:21.000Z",,,,,,,,,,,,
"Gong Yoo, jaanu yaha aao 🫰

📺: Love Untangled
[Funny, Hindi Dub, Hindi, KDrama, Korean, Gong Yoo, Proposal, Love]","46","5959","Video","44296","2025-10-09T11:32:31.000Z",,,,,,,,,,,,
"She’s going to fight the trolls from the eye of the storm 🌀🔥

Watch The Game: You Never Play Alone, out now in Tamil, Telugu, Malayalam, Kannada and Hindi, only on Netflix.

#TheGameOnNetflix @applausesocial @sameern @segaldeepak @pramodcheruvalath #AmalgaCreationsMedias @rajeshmselva @shraddhasrinath @santhoshprathapoffl @deepthigovindarajan #KarthikBala @garg.prasoon @devnidhib @vighnature @itvstudios","96","7023","Video","108782","2025-10-02T07:00:12.000Z",,,,,,,,,,,,
"What did they put in this song? 🤌

#SaiyaaraOnNetflix","98","16449","Video","74264","2025-10-09T13:05:03.000Z",,,,,,,,,,,,
"Dharm aur adharm ke iss mahayudh se itihaas gawah hai, aur ab aap bhi ⚔🔥
Watch Kurukshetra, out 10 October, only on Netflix. 

#KurukshetraOnNetflix @ajit_andhare @kgunedited @ujaanganguly @simaab @aslidivyakumar @imsuvarnatiwari @viacom18studios @tippingpointfilms @vineet.garg81","421","59732","Video","367476","2025-10-01T05:32:09.000Z",,,,,,,,,,,,
"The countdown is over. The War begins🔥
Watch War 2, out now in Hindi, Telugu and Tamil, on Netflix.

#War2OnNetflix @hrithikroshan @jrntr @kiaraaliaadvani @ayan_mukerji @yrf #YRFSpyUniverse","1141","266385","Video","1280554","2025-10-09T05:30:07.000Z",,,,,,,,,,,,
"Nominees for the Baddest in Bollywood ✨🔥
Watch The Ba***ds of Bollywood, out now, only on Netflix.

#TheBadsOfBollywoodOnNetflix","123","25169","Sidecar",,"2025-10-09T09:03:01.000Z","https://scontent-atl3-3.cdninstagram.com/v/t51.2885-15/561586412_18430379227110094_3218482403566759876_n.jpg?stp=dst-jpg_e15_fr_p1080x1080_tt6&_nc_ht=scontent-atl3-3.cdninstagram.com&_nc_cat=1&_nc_oc=Q6cZ2QHNUTJ0zsjjOD-9id9TTobnWUlemRrfF-DvjBVNaplyhpNBzNNKWqZ4jPhTGc2osHk&_nc_ohc=-sdFogQUyzUQ7kNvwHDkJjT&_nc_gid=W65KV8utpJ2vCTYkACmd8A&edm=APs17CUBAAAA&ccb=7-5&oh=00_AfdhkkZFrCtooSWSy8zIWUu4xaW31HyXG9V5v81PVulcoA&oe=68EDAD65&_nc_sid=10d13b","https://scontent-atl3-3.cdninstagram.com/v/t51.2885-15/561534724_18430379242110094_3330192566564597189_n.jpg?stp=dst-jpg_e15_fr_p1080x1080_tt6&_nc_ht=scontent-atl3-3.cdninstagram.com&_nc_cat=1&_nc_oc=Q6cZ2QHNUTJ0zsjjOD-9id9TTobnWUlemRrfF-DvjBVNaplyhpNBzNNKWqZ4jPhTGc2osHk&_nc_ohc=-yN5omNjDrsQ7kNvwE40Jd3&_nc_gid=W65KV8utpJ2vCTYkACmd8A&edm=APs17CUBAAAA&ccb=7-5&oh=00_Afd_2RNPhwBEveYTE5avHHoeAGA7xH8eDaVTTmBnDwSqPA&oe=68EDD762&_nc_sid=10d13b","https://scontent-atl3-3.cdninstagram.com/v/t51.2885-15/560651509_18430379245110094_6822608446196197587_n.jpg?stp=dst-jpg_e15_fr_p1080x1080_tt6&_nc_ht=scontent-atl3-3.cdninstagram.com&_nc_cat=1&_nc_oc=Q6cZ2QHNUTJ0zsjjOD-9id9TTobnWUlemRrfF-DvjBVNaplyhpNBzNNKWqZ4jPhTGc2osHk&_nc_ohc=OgMoXNSNQTgQ7kNvwHjD_IY&_nc_gid=W65KV8utpJ2vCTYkACmd8A&edm=APs17CUBAAAA&ccb=7-5&oh=00_AfcsC9Ecq0s8wBWFeULVcCBLYBGgga2ayUzWfOuP0eckBA&oe=68EDA431&_nc_sid=10d13b","https://scontent-atl3-3.cdninstagram.com/v/t51.2885-15/560437354_18430379254110094_1140623293894325851_n.jpg?stp=dst-jpg_e15_fr_p1080x1080_tt6&_nc_ht=scontent-atl3-3.cdninstagram.com&_nc_cat=110&_nc_oc=Q6cZ2QHNUTJ0zsjjOD-9id9TTobnWUlemRrfF-DvjBVNaplyhpNBzNNKWqZ4jPhTGc2osHk&_nc_ohc=VmnaBvLNsPgQ7kNvwGHJzNT&_nc_gid=W65KV8utpJ2vCTYkACmd8A&edm=APs17CUBAAAA&ccb=7-5&oh=00_AfdgjLficvkuCxxIK7aHHq44U-Jtvzsd12C4VZwDHYHg4g&oe=68EDBD3C&_nc_sid=10d13b","https://scontent-atl3-3.cdninstagram.com/v/t51.2885-15/561416632_18430379278110094_284059689596525494_n.jpg?stp=dst-jpg_e15_fr_p1080x1080_tt6&_nc_ht=scontent-atl3-3.cdninstagram.com&_nc_cat=110&_nc_oc=Q6cZ2QHNUTJ0zsjjOD-9id9TTobnWUlemRrfF-DvjBVNaplyhpNBzNNKWqZ4jPhTGc2osHk&_nc_ohc=yyBduGs-p7gQ7kNvwHALpdW&_nc_gid=W65KV8utpJ2vCTYkACmd8A&edm=APs17CUBAAAA&ccb=7-5&oh=00_AfcMQkZuoOD0PUXJ4GuWB1TJufAMkQitG1JbztJxkDoxkw&oe=68EDACEE&_nc_sid=10d13b","https://scontent-atl3-3.cdninstagram.com/v/t51.2885-15/561607318_18430379281110094_2518998588003871833_n.jpg?stp=dst-jpg_e15_fr_p1080x1080_tt6&_nc_ht=scontent-atl3-3.cdninstagram.com&_nc_cat=110&_nc_oc=Q6cZ2QHNUTJ0zsjjOD-9id9TTobnWUlemRrfF-DvjBVNaplyhpNBzNNKWqZ4jPhTGc2osHk&_nc_ohc=eCDIlyBM9FQQ7kNvwFLja1T&_nc_gid=W65KV8utpJ2vCTYkACmd8A&edm=APs17CUBAAAA&ccb=7-5&oh=00_AfcviZwvhYGSZ19Tbx-YQANoBR7SZrZsMzL29iFwL9zTSw&oe=68EDCFAB&_nc_sid=10d13b","https://scontent-atl3-3.cdninstagram.com/v/t51.2885-15/561173047_18430379263110094_6250573056190579765_n.jpg?stp=dst-jpg_e15_tt6&_nc_ht=scontent-atl3-3.cdninstagram.com&_nc_cat=110&_nc_oc=Q6cZ2QHNUTJ0zsjjOD-9id9TTobnWUlemRrfF-DvjBVNaplyhpNBzNNKWqZ4jPhTGc2osHk&_nc_ohc=HooZl5k4OIgQ7kNvwEI4UyA&_nc_gid=W65KV8utpJ2vCTYkACmd8A&edm=APs17CUBAAAA&ccb=7-5&oh=00_AfcvWSDSmMgC8Q2RHo3TuEwFa_Xyj6SQoxf-lK7cg1pjgA&oe=68EDA454&_nc_sid=10d13b",,,,,
"Kavya’s labour of love meets an army of hatred 👀🚨

Watch The Game: You Never Play Alone, out now in Tamil, Telugu, Malayalam, Kannada and Hindi, only on Netflix.

#TheGameOnNetflix","34","5285","Video","91574","2025-10-08T11:30:32.000Z",,,,,,,,,,,,
"Hangry Sharma Ki Dulhania 🤭

🎥: Humpty Sharma Ki Dulhania
[Alia Bhatt, Varun Dhawan, Varia, Relationship Goals, Couple]","36","20750","Video","186691","2025-10-08T13:00:08.000Z",,,,,,,,,,,,
"If you want some, come get some 🔥
Watch WWE Raw LIVE weekly at 5:30 AM IST, only on Netflix.","72","9671","Sidecar",,"2025-10-09T10:00:00.000Z","https://instagram.fagc3-2.fna.fbcdn.net/v/t51.2885-15/560975945_18430382668110094_5933751747377412664_n.jpg?stp=dst-jpg_e35_p1080x1080_sh0.08_tt6&_nc_ht=instagram.fagc3-2.fna.fbcdn.net&_nc_cat=1&_nc_oc=Q6cZ2QGBGicW0blPbPjQag3SRcfzbT41iWnjN8-dz2bfOPylvro_6-25KslbSpV0s1WWoKc&_nc_ohc=f_P0N7wYkAIQ7kNvwFFITV2&_nc_gid=ujMUE-Rc-2rK1EqrigNcQQ&edm=APs17CUBAAAA&ccb=7-5&oh=00_Affk-Va3K-iASnwnCggEV4Q4Mt8BMmWoLxT2kmARPIdSLw&oe=68EDA464&_nc_sid=10d13b","https://instagram.fagc3-2.fna.fbcdn.net/v/t51.2885-15/560256486_18430382680110094_7063024617642109090_n.jpg?stp=dst-jpg_e35_p1080x1080_sh0.08_tt6&_nc_ht=instagram.fagc3-2.fna.fbcdn.net&_nc_cat=1&_nc_oc=Q6cZ2QGBGicW0blPbPjQag3SRcfzbT41iWnjN8-dz2bfOPylvro_6-25KslbSpV0s1WWoKc&_nc_ohc=r6zWRxKw9y4Q7kNvwG7uxu6&_nc_gid=ujMUE-Rc-2rK1EqrigNcQQ&edm=APs17CUBAAAA&ccb=7-5&oh=00_AfdWvi9DZ7RK-5Qxd-ZWiduVQwvrPiPc93grIOahSXML2w&oe=68EDB2B7&_nc_sid=10d13b","https://scontent-iad3-1.cdninstagram.com/v/t51.2885-15/562420106_18430382692110094_5158717235675701720_n.jpg?stp=dst-jpg_e35_p1080x1080_sh0.08_tt6&_nc_ht=scontent-iad3-1.cdninstagram.com&_nc_cat=110&_nc_oc=Q6cZ2QGBGicW0blPbPjQag3SRcfzbT41iWnjN8-dz2bfOPylvro_6-25KslbSpV0s1WWoKc&_nc_ohc=sh-bGhaUocYQ7kNvwGtDn9B&_nc_gid=ujMUE-Rc-2rK1EqrigNcQQ&edm=APs17CUBAAAA&ccb=7-5&oh=00_Afd6kolM-Q70kAKMNzTFpVEYzCzS10r3ULXdvqo_pWcz6Q&oe=68EDC8AB&_nc_sid=10d13b","https://scontent-iad3-1.cdninstagram.com/v/t51.2885-15/560315450_18430382701110094_6035266970192836570_n.jpg?stp=dst-jpg_e35_p1080x1080_sh0.08_tt6&_nc_ht=scontent-iad3-1.cdninstagram.com&_nc_cat=110&_nc_oc=Q6cZ2QGBGicW0blPbPjQag3SRcfzbT41iWnjN8-dz2bfOPylvro_6-25KslbSpV0s1WWoKc&_nc_ohc=3FimiyG3looQ7kNvwGmbE9c&_nc_gid=ujMUE-Rc-2rK1EqrigNcQQ&edm=APs17CUBAAAA&ccb=7-5&oh=00_Aff1BIAOJnnACnaMHjsV9yZ25KWQp2ezsaWq5VRmMzeMfg&oe=68EDCBE1&_nc_sid=10d13b","https://scontent-iad3-1.cdninstagram.com/v/t51.2885-15/561646059_18430382710110094_3984212717134515174_n.jpg?stp=dst-jpg_e35_p1080x1080_sh0.08_tt6&_nc_ht=scontent-iad3-1.cdninstagram.com&_nc_cat=110&_nc_oc=Q6cZ2QGBGicW0blPbPjQag3SRcfzbT41iWnjN8-dz2bfOPylvro_6-25KslbSpV0s1WWoKc&_nc_ohc=4X_r4-jenrEQ7kNvwFHKjzJ&_nc_gid=ujMUE-Rc-2rK1EqrigNcQQ&edm=APs17CUBAAAA&ccb=7-5&oh=00_Affr9OZpGZD7ftCJHl03Pci5V19tLBrbE2v2usP-o4e-bw&oe=68EDBE42&_nc_sid=10d13b","https://scontent-iad3-1.cdninstagram.com/v/t51.2885-15/561320628_18430382719110094_4825444219578281191_n.jpg?stp=dst-jpg_e35_p1080x1080_sh0.08_tt6&_nc_ht=scontent-iad3-1.cdninstagram.com&_nc_cat=110&_nc_oc=Q6cZ2QGBGicW0blPbPjQag3SRcfzbT41iWnjN8-dz2bfOPylvro_6-25KslbSpV0s1WWoKc&_nc_ohc=qrWqo3jefPkQ7kNvwG1wAU0&_nc_gid=ujMUE-Rc-2rK1EqrigNcQQ&edm=APs17CUBAAAA&ccb=7-5&oh=00_AffyZgXVzNxG1AfDGvJIesi4OnRuQzrHn0cNqAFrvIbD8Q&oe=68EDC0B7&_nc_sid=10d13b","https://scontent-iad3-1.cdninstagram.com/v/t51.2885-15/562436930_18430382734110094_2047514085125999608_n.jpg?stp=dst-jpg_e35_p1080x1080_sh0.08_tt6&_nc_ht=scontent-iad3-1.cdninstagram.com&_nc_cat=110&_nc_oc=Q6cZ2QGBGicW0blPbPjQag3SRcfzbT41iWnjN8-dz2bfOPylvro_6-25KslbSpV0s1WWoKc&_nc_ohc=Rg14UY6EeykQ7kNvwEcq2vx&_nc_gid=ujMUE-Rc-2rK1EqrigNcQQ&edm=APs17CUBAAAA&ccb=7-5&oh=00_AfdqDNoUEPPDZI-eyiESbYeQU7UXkC72jLtO2KEobcUzUg&oe=68EDCCAD&_nc_sid=10d13b","https://scontent-iad3-1.cdninstagram.com/v/t51.2885-15/561604503_18430382743110094_6771931261048530300_n.jpg?stp=dst-jpg_e35_p1080x1080_sh0.08_tt6&_nc_ht=scontent-iad3-1.cdninstagram.com&_nc_cat=110&_nc_oc=Q6cZ2QGBGicW0blPbPjQag3SRcfzbT41iWnjN8-dz2bfOPylvro_6-25KslbSpV0s1WWoKc&_nc_ohc=mTy_lfWW800Q7kNvwGBUhu4&_nc_gid=ujMUE-Rc-2rK1EqrigNcQQ&edm=APs17CUBAAAA&ccb=7-5&oh=00_AffxhgGn9dbVIdKbAgNV0g2EGGqsMhAA0vspt782JdTm_g&oe=68EDB26D&_nc_sid=10d13b","https://scontent-iad3-1.cdninstagram.com/v/t51.2885-15/561158467_18430382755110094_6420431014405750075_n.jpg?stp=dst-jpg_e35_p1080x1080_sh0.08_tt6&_nc_ht=scontent-iad3-1.cdninstagram.com&_nc_cat=110&_nc_oc=Q6cZ2QGBGicW0blPbPjQag3SRcfzbT41iWnjN8-dz2bfOPylvro_6-25KslbSpV0s1WWoKc&_nc_ohc=SExPKzD7c_MQ7kNvwEinXct&_nc_gid=ujMUE-Rc-2rK1EqrigNcQQ&edm=APs17CUBAAAA&ccb=7-5&oh=00_AfdrsrH6UL5OMZuGAnn1RNVeglaqFhbkUXiGSLUXI6sJFA&oe=68EDB157&_nc_sid=10d13b","https://scontent-iad3-1.cdninstagram.com/v/t51.2885-15/562551141_18430382764110094_6830941681511328574_n.jpg?stp=dst-jpg_e35_p1080x1080_sh0.08_tt6&_nc_ht=scontent-iad3-1.cdninstagram.com&_nc_cat=110&_nc_oc=Q6cZ2QGBGicW0blPbPjQag3SRcfzbT41iWnjN8-dz2bfOPylvro_6-25KslbSpV0s1WWoKc&_nc_ohc=tKOtBj9u8XEQ7kNvwFA9ySC&_nc_gid=ujMUE-Rc-2rK1EqrigNcQQ&edm=APs17CUBAAAA&ccb=7-5&oh=00_AfftT3KimDng3W0OuVlNZEYUI-1qeGzHqXkNcku9pcGN0Q&oe=68EDD00E&_nc_sid=10d13b","https://scontent-iad3-1.cdninstagram.com/v/t51.2885-15/560428275_18430382773110094_8641981151761240267_n.jpg?stp=dst-jpg_e35_p1080x1080_sh0.08_tt6&_nc_ht=scontent-iad3-1.cdninstagram.com&_nc_cat=110&_nc_oc=Q6cZ2QGBGicW0blPbPjQag3SRcfzbT41iWnjN8-dz2bfOPylvro_6-25KslbSpV0s1WWoKc&_nc_ohc=qYv0nonNiSkQ7kNvwGyPwrb&_nc_gid=ujMUE-Rc-2rK1EqrigNcQQ&edm=APs17CUBAAAA&ccb=7-5&oh=00_AfdsxIlysU9d7ZpKD9dgeImPWy-a79V55lYVyND8k3X3HQ&oe=68EDA495&_nc_sid=10d13b","https://scontent-iad3-1.cdninstagram.com/v/t51.2885-15/560363769_18430382782110094_1097414374673668559_n.jpg?stp=dst-jpg_e35_p1080x1080_sh0.08_tt6&_nc_ht=scontent-iad3-1.cdninstagram.com&_nc_cat=110&_nc_oc=Q6cZ2QGBGicW0blPbPjQag3SRcfzbT41iWnjN8-dz2bfOPylvro_6-25KslbSpV0s1WWoKc&_nc_ohc=nTj8KfdPoesQ7kNvwGl0A9R&_nc_gid=ujMUE-Rc-2rK1EqrigNcQQ&edm=APs17CUBAAAA&ccb=7-5&oh=00_Aff1cTVS9dSKqGYQO6Nvzgn_kPVxyVNvcVEmr8RRwpCycg&oe=68EDA1D4&_nc_sid=10d13b"
"Mornings are for coffee and reflecting on my fave moments from STRANGER THINGS: SEASON 1","81","59929","Sidecar",,"2025-10-08T05:30:01.000Z","https://instagram.ffcm1-2.fna.fbcdn.net/v/t51.2885-15/560677203_18430162207110094_7508707436812185792_n.jpg?stp=dst-jpg_e15_fr_p1080x1080_tt6&_nc_ht=instagram.ffcm1-2.fna.fbcdn.net&_nc_cat=1&_nc_oc=Q6cZ2QEt9ulX-VhNov4vfNLf8o1HejfMwwwIjxuI-EOSM9rOZw6GTpUZjZV4TGZSFEhYTDs&_nc_ohc=vzR7WcIfdYcQ7kNvwFvpVYj&_nc_gid=U3h_fgrWrOLRS3258WpRzg&edm=APs17CUBAAAA&ccb=7-5&oh=00_AferFxnzPVTHMo6EDZfaWocC8I6HSJOdp4gGLNgiXzel1g&oe=68EDC159&_nc_sid=10d13b","https://instagram.ffcm1-1.fna.fbcdn.net/v/t51.2885-15/560640843_18430162234110094_399302048996893604_n.jpg?stp=dst-jpg_e15_fr_p1080x1080_tt6&_nc_ht=instagram.ffcm1-1.fna.fbcdn.net&_nc_cat=110&_nc_oc=Q6cZ2QEt9ulX-VhNov4vfNLf8o1HejfMwwwIjxuI-EOSM9rOZw6GTpUZjZV4TGZSFEhYTDs&_nc_ohc=hdaNoZX2O0EQ7kNvwHvITRw&_nc_gid=U3h_fgrWrOLRS3258WpRzg&edm=APs17CUBAAAA&ccb=7-5&oh=00_AfcE6hVv92_oC03op4_YB1X6N6I2rL4Fmb1KJHHnoR0UYg&oe=68EDBEFC&_nc_sid=10d13b","https://instagram.ffcm1-1.fna.fbcdn.net/v/t51.2885-15/560566634_18430162225110094_2630999880215190132_n.jpg?stp=dst-jpg_e15_fr_p1080x1080_tt6&_nc_ht=instagram.ffcm1-1.fna.fbcdn.net&_nc_cat=110&_nc_oc=Q6cZ2QEt9ulX-VhNov4vfNLf8o1HejfMwwwIjxuI-EOSM9rOZw6GTpUZjZV4TGZSFEhYTDs&_nc_ohc=78zEuxeS9FsQ7kNvwHIcIep&_nc_gid=U3h_fgrWrOLRS3258WpRzg&edm=APs17CUBAAAA&ccb=7-5&oh=00_Afelvpj_OOV4EEBdohRTDYB_G9GFpcSyISn0Xfg2Ey6bww&oe=68EDB208&_nc_sid=10d13b","https://instagram.ffcm1-1.fna.fbcdn.net/v/t51.2885-15/562382471_18430162198110094_2404316092870513353_n.jpg?stp=dst-jpg_e15_fr_p1080x1080_tt6&_nc_ht=instagram.ffcm1-1.fna.fbcdn.net&_nc_cat=110&_nc_oc=Q6cZ2QEt9ulX-VhNov4vfNLf8o1HejfMwwwIjxuI-EOSM9rOZw6GTpUZjZV4TGZSFEhYTDs&_nc_ohc=A1aqZG81a1QQ7kNvwELbzfO&_nc_gid=U3h_fgrWrOLRS3258WpRzg&edm=APs17CUBAAAA&ccb=7-5&oh=00_Afek-kfuFzBVmajVsd9WWIDHw-wh09JCiiP7VOiEZk7GAw&oe=68EDA479&_nc_sid=10d13b","https://instagram.ffcm1-1.fna.fbcdn.net/v/t51.2885-15/562722212_18430162216110094_2330782686921555407_n.jpg?stp=dst-jpg_e15_fr_p1080x1080_tt6&_nc_ht=instagram.ffcm1-1.fna.fbcdn.net&_nc_cat=110&_nc_oc=Q6cZ2QEt9ulX-VhNov4vfNLf8o1HejfMwwwIjxuI-EOSM9rOZw6GTpUZjZV4TGZSFEhYTDs&_nc_ohc=i8XIrMEISpYQ7kNvwGNcMLV&_nc_gid=U3h_fgrWrOLRS3258WpRzg&edm=APs17CUBAAAA&ccb=7-5&oh=00_AfdEnqs-iyb4st5uXAnt2qQb2jmpyjdGHoZ9xujOoBpDwQ&oe=68EDB622&_nc_sid=10d13b",,,,,,,
"Found something sweeter than dahi-cheeni 👆💕

#SaiyaaraOnNetflix","311","108527","Video","791980","2025-10-07T11:30:20.000Z",,,,,,,,,,,,
"@taylorswift I think you would love these Showgirls 👉👈

🎥: Om Shanti Om, The Ba***ds Of Bollywood
[Showgirls, Music, Bollywood, Crossover, Deepika Padukone, Mona Singh]","38","22548","Image",,"2025-10-07T10:00:02.000Z",,,,,,,,,,,,
"Hassee toh phassee @jennaortega 🥰🫵

📺: Wednesday
[Jenna Ortega, BTS, Wednesday, Dark, Goth, Unseen]","62","42090","Sidecar",,"2025-10-08T10:00:02.000Z","https://scontent-hou1-1.cdninstagram.com/v/t51.2885-15/560618022_18430180612110094_3101602674543217035_n.jpg?stp=dst-jpg_e15_fr_p1080x1080_tt6&_nc_ht=scontent-hou1-1.cdninstagram.com&_nc_cat=1&_nc_oc=Q6cZ2QHhFuO_xiG51mZK2nYi86qsszdO6KxdXDKRZbnCPjQOlX7CeMdDePa5eA_ZxuStM4o&_nc_ohc=ImRguH7apBkQ7kNvwHPeRCh&_nc_gid=h04pzZ1EqeqOkjuvCZYl2g&edm=APs17CUBAAAA&ccb=7-5&oh=00_Affh9A_TBwpqut1dmPD_fJ7cYDG5zMsb0UT0b6ZfragPlg&oe=68EDC898&_nc_sid=10d13b","https://scontent-hou1-1.cdninstagram.com/v/t51.2885-15/561232789_18430180603110094_5793432696395252308_n.jpg?stp=dst-jpg_e15_fr_p1080x1080_tt6&_nc_ht=scontent-hou1-1.cdninstagram.com&_nc_cat=110&_nc_oc=Q6cZ2QHhFuO_xiG51mZK2nYi86qsszdO6KxdXDKRZbnCPjQOlX7CeMdDePa5eA_ZxuStM4o&_nc_ohc=whlU-iimDdsQ7kNvwFHqEOV&_nc_gid=h04pzZ1EqeqOkjuvCZYl2g&edm=APs17CUBAAAA&ccb=7-5&oh=00_AfdrRJACVfjHLbaOpquc54dPTndfUAkN8Tl2eHasR-OLaw&oe=68EDC65F&_nc_sid=10d13b","https://scontent-hou1-1.cdninstagram.com/v/t51.2885-15/560383286_18430180594110094_3742456931594907556_n.jpg?stp=dst-jpg_e15_fr_p1080x1080_tt6&_nc_ht=scontent-hou1-1.cdninstagram.com&_nc_cat=110&_nc_oc=Q6cZ2QHhFuO_xiG51mZK2nYi86qsszdO6KxdXDKRZbnCPjQOlX7CeMdDePa5eA_ZxuStM4o&_nc_ohc=SaB27SvIt-AQ7kNvwGO-MwX&_nc_gid=h04pzZ1EqeqOkjuvCZYl2g&edm=APs17CUBAAAA&ccb=7-5&oh=00_AfezBw9mWgRBucB9p3E8LTpoa-8NTP-zHTQfJy8ebRTBNg&oe=68EDA585&_nc_sid=10d13b",,,,,,,,,
"Double the rage. Double the rampage. Ready for the War? 🔥
Watch War 2, out 9 October on Netflix.

#War2OnNetflix @hrithikroshan @jrntr @kiaraaliaadvani @ayan_mukerji @yrf #YRFSpyUniverse","469","53726","Image",,"2025-10-08T08:30:06.000Z",,,,,,,,,,,,
"Hacked The Game for some BTS pictures 🥰

Watch The Game: You Never Play Alone, out now in Tamil, Telugu, Malayalam, Kannada and Hindi, only on Netflix.

#TheGameOnNetflix","40","23300","Sidecar",,"2025-10-07T13:00:41.000Z","https://scontent-bos5-1.cdninstagram.com/v/t51.2885-15/559905815_18430015735110094_3326475039287767471_n.jpg?stp=dst-jpg_e35_s1080x1080_sh0.08_tt6&_nc_ht=scontent-bos5-1.cdninstagram.com&_nc_cat=110&_nc_oc=Q6cZ2QEss4eXGUjLpf9WLJhvBRLioV3UZHCxmuSJR7CBaNyrQobIP67Siu5GpKN4sPNTS08&_nc_ohc=DEbJzp7ZX0kQ7kNvwEVplnt&_nc_gid=H8buN8lHoetz3ymVv-KoLg&edm=APs17CUBAAAA&ccb=7-5&oh=00_AfdxBMjyayD49HcCgnxdnbtJ2HP9nBxcLPQZfPEYEIwY3g&oe=68EDD4CA&_nc_sid=10d13b","https://scontent-bos5-1.cdninstagram.com/v/t51.2885-15/560756755_18430015747110094_5119870452896359895_n.jpg?stp=dst-jpg_e35_s1080x1080_sh0.08_tt6&_nc_ht=scontent-bos5-1.cdninstagram.com&_nc_cat=110&_nc_oc=Q6cZ2QEss4eXGUjLpf9WLJhvBRLioV3UZHCxmuSJR7CBaNyrQobIP67Siu5GpKN4sPNTS08&_nc_ohc=aI2qVLq9tY4Q7kNvwF0yviM&_nc_gid=H8buN8lHoetz3ymVv-KoLg&edm=APs17CUBAAAA&ccb=7-5&oh=00_Afcl3AEXRy49t615Kw4zU_8oC_akooaQSGk64ftfPdw0TA&oe=68EDC8F7&_nc_sid=10d13b","https://scontent-bos5-1.cdninstagram.com/v/t51.2885-15/560539172_18430015756110094_3567472099437431131_n.jpg?stp=dst-jpg_e35_s1080x1080_sh0.08_tt6&_nc_ht=scontent-bos5-1.cdninstagram.com&_nc_cat=110&_nc_oc=Q6cZ2QEss4eXGUjLpf9WLJhvBRLioV3UZHCxmuSJR7CBaNyrQobIP67Siu5GpKN4sPNTS08&_nc_ohc=d9h4OZfEUgYQ7kNvwE1UX9o&_nc_gid=H8buN8lHoetz3ymVv-KoLg&edm=APs17CUBAAAA&ccb=7-5&oh=00_Afc5aTpDZ5bNapC15W2YyPh2LHxEYKx7QqNkiWjtr-R66g&oe=68EDA6D2&_nc_sid=10d13b","https://scontent-bos5-1.cdninstagram.com/v/t51.2885-15/560432000_18430015765110094_1243225312755498129_n.jpg?stp=dst-jpg_e35_s1080x1080_sh0.08_tt6&_nc_ht=scontent-bos5-1.cdninstagram.com&_nc_cat=110&_nc_oc=Q6cZ2QEss4eXGUjLpf9WLJhvBRLioV3UZHCxmuSJR7CBaNyrQobIP67Siu5GpKN4sPNTS08&_nc_ohc=9Crk683g41sQ7kNvwF_I9hw&_nc_gid=H8buN8lHoetz3ymVv-KoLg&edm=APs17CUBAAAA&ccb=7-5&oh=00_Afc_80xv2ABzO1kQ7MrCQaRKT5moRnmYxCpwN3GGCwG9rg&oe=68EDB58E&_nc_sid=10d13b","https://scontent-bos5-1.cdninstagram.com/v/t51.2885-15/561930581_18430015774110094_7440024324864899560_n.jpg?stp=dst-jpg_e35_s1080x1080_sh0.08_tt6&_nc_ht=scontent-bos5-1.cdninstagram.com&_nc_cat=110&_nc_oc=Q6cZ2QEss4eXGUjLpf9WLJhvBRLioV3UZHCxmuSJR7CBaNyrQobIP67Siu5GpKN4sPNTS08&_nc_ohc=lQFxW3Z-wrcQ7kNvwH0xdTK&_nc_gid=H8buN8lHoetz3ymVv-KoLg&edm=APs17CUBAAAA&ccb=7-5&oh=00_AffE_IuawuwgrkiDILtpjdXARTiUNCq0IWymL-UeuNBTWQ&oe=68EDBC18&_nc_sid=10d13b","https://scontent-bos5-1.cdninstagram.com/v/t51.2885-15/561273732_18430015783110094_1501409961392886669_n.jpg?stp=dst-jpg_e35_s1080x1080_sh0.08_tt6&_nc_ht=scontent-bos5-1.cdninstagram.com&_nc_cat=110&_nc_oc=Q6cZ2QEss4eXGUjLpf9WLJhvBRLioV3UZHCxmuSJR7CBaNyrQobIP67Siu5GpKN4sPNTS08&_nc_ohc=P1dHEDu5aSMQ7kNvwEo28bw&_nc_gid=H8buN8lHoetz3ymVv-KoLg&edm=APs17CUBAAAA&ccb=7-5&oh=00_AfeTQgi0qpSO67APEtFmgJtwRYU38meNOZOeQHHxmR4AIQ&oe=68EDB0F9&_nc_sid=10d13b",,,,,,
"@kentooyamazaki is so 🥰 🫠 😍

📺: Alice In Borderland
[Arisu, Simp, Usagi, AIB, JDrama, Evolution]","109","40464","Video","157588","2025-10-08T07:00:19.000Z",,,,,,,,,,,,
"That’s no mountain… it’s a WHALE 🐋
Watch One Piece S2, coming in 2026, only on Netflix.

#OnePiece #OnePieceNetflix","404","113877","Image",,"2025-10-07T18:05:02.000Z",,,,,,,,,,,,
"Did someone radio for more episodic posters?? cause we COPIED.

🎨 @thebutcherbilly","46","23621","Sidecar",,"2025-10-07T14:05:02.000Z","https://scontent-lga3-3.cdninstagram.com/v/t51.2885-15/561362174_18430021735110094_5492537058709835683_n.jpg?stp=dst-jpg_e15_fr_p1080x1080_tt6&_nc_ht=scontent-lga3-3.cdninstagram.com&_nc_cat=110&_nc_oc=Q6cZ2QEDBtSvLGPHFK5scMgNWP2Jn0zECI_EtjQRH2e28hfv-sNoUCGkTU_Msp_bW2m_ds0&_nc_ohc=-HnxWxHK3UcQ7kNvwGT8znT&_nc_gid=fFjGHnaL3tCMG3JxBsDWsg&edm=APs17CUBAAAA&ccb=7-5&oh=00_Aff4fNBRgDZhHpJHGz6SEvc9reUqMANCwc72TD_1RA9nNw&oe=68EDC5A9&_nc_sid=10d13b","https://scontent-lga3-3.cdninstagram.com/v/t51.2885-15/560541457_18430021747110094_757261089525541794_n.jpg?stp=dst-jpg_e15_fr_p1080x1080_tt6&_nc_ht=scontent-lga3-3.cdninstagram.com&_nc_cat=110&_nc_oc=Q6cZ2QEDBtSvLGPHFK5scMgNWP2Jn0zECI_EtjQRH2e28hfv-sNoUCGkTU_Msp_bW2m_ds0&_nc_ohc=tfGEXFlQQjsQ7kNvwFd2uAu&_nc_gid=fFjGHnaL3tCMG3JxBsDWsg&edm=APs17CUBAAAA&ccb=7-5&oh=00_AffgdsDBJzw_TmBxoQALZU663DrVoY-dDcoETyG4JbJi1Q&oe=68EDD614&_nc_sid=10d13b","https://scontent-lga3-3.cdninstagram.com/v/t51.2885-15/560598279_18430021708110094_2541318077212725529_n.jpg?stp=dst-jpg_e15_fr_p1080x1080_tt6&_nc_ht=scontent-lga3-3.cdninstagram.com&_nc_cat=110&_nc_oc=Q6cZ2QEDBtSvLGPHFK5scMgNWP2Jn0zECI_EtjQRH2e28hfv-sNoUCGkTU_Msp_bW2m_ds0&_nc_ohc=Wt6xIWUI3W4Q7kNvwEBWmF4&_nc_gid=fFjGHnaL3tCMG3JxBsDWsg&edm=APs17CUBAAAA&ccb=7-5&oh=00_Afd3ENmczvd4liVmWCExFLPcwYOOO4ZUsGD7adl4H6yh0w&oe=68EDC094&_nc_sid=10d13b","https://scontent-lga3-3.cdninstagram.com/v/t51.2885-15/561727902_18430021687110094_2902195645161585325_n.jpg?stp=dst-jpg_e15_fr_p1080x1080_tt6&_nc_ht=scontent-lga3-3.cdninstagram.com&_nc_cat=110&_nc_oc=Q6cZ2QEDBtSvLGPHFK5scMgNWP2Jn0zECI_EtjQRH2e28hfv-sNoUCGkTU_Msp_bW2m_ds0&_nc_ohc=XvwpYnVJvM0Q7kNvwHx-4Fy&_nc_gid=fFjGHnaL3tCMG3JxBsDWsg&edm=APs17CUBAAAA&ccb=7-5&oh=00_AffT4TpdoZUhSg_sNwOK1PAPoVTvDMV-csVwvpDN9OLfQg&oe=68EDC979&_nc_sid=10d13b","https://scontent-lga3-3.cdninstagram.com/v/t51.2885-15/559882711_18430021726110094_685439340586987915_n.jpg?stp=dst-jpg_e15_fr_p1080x1080_tt6&_nc_ht=scontent-lga3-3.cdninstagram.com&_nc_cat=110&_nc_oc=Q6cZ2QEDBtSvLGPHFK5scMgNWP2Jn0zECI_EtjQRH2e28hfv-sNoUCGkTU_Msp_bW2m_ds0&_nc_ohc=x2f388FYsf4Q7kNvwFSRyZ0&_nc_gid=fFjGHnaL3tCMG3JxBsDWsg&edm=APs17CUBAAAA&ccb=7-5&oh=00_Afe1rjiNNd-TbxDUkylMY2mFRsaAzm3584fXD15y0TbGEA&oe=68EDA61F&_nc_sid=10d13b","https://scontent-lga3-3.cdninstagram.com/v/t51.2885-15/561073454_18430021690110094_4535018690468605129_n.jpg?stp=dst-jpg_e15_fr_p1080x1080_tt6&_nc_ht=scontent-lga3-3.cdninstagram.com&_nc_cat=110&_nc_oc=Q6cZ2QEDBtSvLGPHFK5scMgNWP2Jn0zECI_EtjQRH2e28hfv-sNoUCGkTU_Msp_bW2m_ds0&_nc_ohc=_WBQ5ep1HKcQ7kNvwGdNEvr&_nc_gid=fFjGHnaL3tCMG3JxBsDWsg&edm=APs17CUBAAAA&ccb=7-5&oh=00_AffhyZdlORtIy2Oft_KEX815FB1DaupiQfYNRLpBWNVM4w&oe=68EDA4CA&_nc_sid=10d13b","https://scontent-lga3-3.cdninstagram.com/v/t51.2885-15/561611518_18430021705110094_7714313889106220352_n.jpg?stp=dst-jpg_e15_fr_p1080x1080_tt6&_nc_ht=scontent-lga3-3.cdninstagram.com&_nc_cat=110&_nc_oc=Q6cZ2QEDBtSvLGPHFK5scMgNWP2Jn0zECI_EtjQRH2e28hfv-sNoUCGkTU_Msp_bW2m_ds0&_nc_ohc=QposZhqjAcgQ7kNvwG-d2Kw&_nc_gid=fFjGHnaL3tCMG3JxBsDWsg&edm=APs17CUBAAAA&ccb=7-5&oh=00_AfcLmvxxxm0ibXAbi4fIhEhJFZ0PK6xOrR4HjoSHPO2KQw&oe=68EDB20E&_nc_sid=10d13b","https://scontent-lga3-3.cdninstagram.com/v/t51.2885-15/561630364_18430021678110094_5856440387750330576_n.jpg?stp=dst-jpg_e15_fr_p1080x1080_tt6&_nc_ht=scontent-lga3-3.cdninstagram.com&_nc_cat=110&_nc_oc=Q6cZ2QEDBtSvLGPHFK5scMgNWP2Jn0zECI_EtjQRH2e28hfv-sNoUCGkTU_Msp_bW2m_ds0&_nc_ohc=fCWsnXvDdQcQ7kNvwEtaDWX&_nc_gid=fFjGHnaL3tCMG3JxBsDWsg&edm=APs17CUBAAAA&ccb=7-5&oh=00_AfdQMMclqPqMKmVrjP_VScFp8Q0zGxIJ0KrlcYtUdCcHvw&oe=68EDB28D&_nc_sid=10d13b","https://scontent-lga3-3.cdninstagram.com/v/t51.2885-15/561583777_18430021723110094_1604900764818703780_n.jpg?stp=dst-jpg_e15_fr_p1080x1080_tt6&_nc_ht=scontent-lga3-3.cdninstagram.com&_nc_cat=110&_nc_oc=Q6cZ2QEDBtSvLGPHFK5scMgNWP2Jn0zECI_EtjQRH2e28hfv-sNoUCGkTU_Msp_bW2m_ds0&_nc_ohc=ow9l3-5NJeEQ7kNvwG8ohW2&_nc_gid=fFjGHnaL3tCMG3JxBsDWsg&edm=APs17CUBAAAA&ccb=7-5&oh=00_AfcKBpeBRIc2sMRGVRFxdCvCOD8b6PROrbBUPiEtaZDIQw&oe=68EDCD96&_nc_sid=10d13b",,,
