"caption","commentsCount","likesCount","type","videoViewCount","timestamp","images/0","images/1","images/2","images/3","images/4","images/5","images/6","images/7","images/8"
"Raghav’s Take | In Part 2 of his provocative AI series, Raghav Bahl continues his stream-of-consciousness dive into the post-AI world. After asking *“What the @#$ is AI?” in Part 1, he now takes on the bigger question — *“How the @#$ will AI change our world?” 

LINK IN BIO to watch the full episode.","0","138","Video","994","2025-10-08T11:35:10.000Z",,,,,,,,,
"Was Ratan Tata a benevolent hero who empathised with the masses and had a soft corner for stray dogs? Or was he an elite capitalist who inherited a business based on oppressing those less privileged than him, and chose to perpetuate the systemic exploitation of the marginalised even further? Devrupa Rakshit writes.

LINK IN BIO to Read.

#RatanTata #Tata #DeathAnniversary #Jamshedpur #Industrialist #Philanthropist
[Ratan Tata, Death Anniversary, Jamshedpur, Industrialist, Philanthropist]","1","182","Sidecar",,"2025-10-09T09:37:19.000Z","https://scontent-lga3-3.cdninstagram.com/v/t51.2885-15/562836371_18537114718007590_101010737429623748_n.heic?stp=dst-jpg_e35_p1080x1080_sh0.08_tt6&_nc_ht=scontent-lga3-3.cdninstagram.com&_nc_cat=110&_nc_oc=Q6cZ2QHmsUIVetWb4qpz0LMQ87WuxlHxauEnK9oGfYUc_FeAMmJpvV9-y76LxR04QWJ_ZDc&_nc_ohc=J3E1723i1BUQ7kNvwFzg8zv&_nc_gid=Ag5UDZ-VYYezMgMsgc1gcw&edm=APs17CUBAAAA&ccb=7-5&oh=00_AfccAIuljfajKLNQkXlfNBY4a_YEvGd6e1eVHNCn8K8ahw&oe=68EDCDE9&_nc_sid=10d13b","https://scontent-lga3-3.cdninstagram.com/v/t51.2885-15/563507068_18537114727007590_8832552174054210399_n.heic?stp=dst-jpg_e35_p1080x1080_sh0.08_tt6&_nc_ht=scontent-lga3-3.cdninstagram.com&_nc_cat=110&_nc_oc=Q6cZ2QHmsUIVetWb4qpz0LMQ87WuxlHxauEnK9oGfYUc_FeAMmJpvV9-y76LxR04QWJ_ZDc&_nc_ohc=7Tn5Y51EsPgQ7kNvwHSFNlC&_nc_gid=Ag5UDZ-VYYezMgMsgc1gcw&edm=APs17CUBAAAA&ccb=7-5&oh=00_AfeXm8oHOYqKTz_2eP8vtQeUdVL4ifjvDpv5Bx3Yk-LOpQ&oe=68EDC427&_nc_sid=10d13b","https://scontent-lga3-3.cdninstagram.com/v/t51.2885-15/561614055_18537114745007590_2363079611144418762_n.heic?stp=dst-jpg_e35_p1080x1080_sh0.08_tt6&_nc_ht=scontent-lga3-3.cdninstagram.com&_nc_cat=110&_nc_oc=Q6cZ2QHmsUIVetWb4qpz0LMQ87WuxlHxauEnK9oGfYUc_FeAMmJpvV9-y76LxR04QWJ_ZDc&_nc_ohc=WxVG3GoNnSQQ7kNvwGko3BV&_nc_gid=Ag5UDZ-VYYezMgMsgc1gcw&edm=APs17CUBAAAA&ccb=7-5&oh=00_AffSzW7SA_gYoK5jbKxIHHpASn_y3_mxnH-mUm2nFSPyRQ&oe=68EDA77A&_nc_sid=10d13b","https://scontent-lga3-3.cdninstagram.com/v/t51.2885-15/562310950_18537114754007590_4069281940113989770_n.heic?stp=dst-jpg_e35_p1080x1080_sh0.08_tt6&_nc_ht=scontent-lga3-3.cdninstagram.com&_nc_cat=110&_nc_oc=Q6cZ2QHmsUIVetWb4qpz0LMQ87WuxlHxauEnK9oGfYUc_FeAMmJpvV9-y76LxR04QWJ_ZDc&_nc_ohc=ZLvNGnnHPtcQ7kNvwEilWhR&_nc_gid=Ag5UDZ-VYYezMgMsgc1gcw&edm=APs17CUBAAAA&ccb=7-5&oh=00_AffaXRsTniUqM48dxxQOLgNy_eA6AN2GwsOUAF11Mg5H-A&oe=68EDC2A1&_nc_sid=10d13b","https://scontent-lga3-3.cdninstagram.com/v/t51.2885-15/561945914_18537114766007590_154738291439163940_n.heic?stp=dst-jpg_e35_p1080x1080_sh0.08_tt6&_nc_ht=scontent-lga3-3.cdninstagram.com&_nc_cat=110&_nc_oc=Q6cZ2QHmsUIVetWb4qpz0LMQ87WuxlHxauEnK9oGfYUc_FeAMmJpvV9-y76LxR04QWJ_ZDc&_nc_ohc=XiaN5IHDttgQ7kNvwHoIKco&_nc_gid=Ag5UDZ-VYYezMgMsgc1gcw&edm=APs17CUBAAAA&ccb=7-5&oh=00_AfcyNwzFofSjH4OBsZ7vUoQOMkZtayUofaZJvr0Nn3jGnQ&oe=68EDBB34&_nc_sid=10d13b","https://scontent-lga3-3.cdninstagram.com/v/t51.2885-15/561360555_18537114775007590_5735134922370737642_n.heic?stp=dst-jpg_e35_p1080x1080_sh0.08_tt6&_nc_ht=scontent-lga3-3.cdninstagram.com&_nc_cat=110&_nc_oc=Q6cZ2QHmsUIVetWb4qpz0LMQ87WuxlHxauEnK9oGfYUc_FeAMmJpvV9-y76LxR04QWJ_ZDc&_nc_ohc=XiS8QiGsWQwQ7kNvwG9RnDF&_nc_gid=Ag5UDZ-VYYezMgMsgc1gcw&edm=APs17CUBAAAA&ccb=7-5&oh=00_AfdmXXDyboG-6D-PYZjXz99tfrKKKF3cDwJ0Zb4MxdAMnw&oe=68EDC805&_nc_sid=10d13b","https://scontent-lga3-3.cdninstagram.com/v/t51.2885-15/561011543_18537114790007590_6744075898726748685_n.heic?stp=dst-jpg_e35_p1080x1080_sh0.08_tt6&_nc_ht=scontent-lga3-3.cdninstagram.com&_nc_cat=110&_nc_oc=Q6cZ2QHmsUIVetWb4qpz0LMQ87WuxlHxauEnK9oGfYUc_FeAMmJpvV9-y76LxR04QWJ_ZDc&_nc_ohc=koHMygvHIagQ7kNvwGcqtRK&_nc_gid=Ag5UDZ-VYYezMgMsgc1gcw&edm=APs17CUBAAAA&ccb=7-5&oh=00_AfdLPUjbpS1yOGjDA4aODBuDntLC-uhI1MRcDO51OONdgQ&oe=68EDC2D8&_nc_sid=10d13b","https://scontent-lga3-3.cdninstagram.com/v/t51.2885-15/562116492_18537114799007590_4199739508651460267_n.heic?stp=dst-jpg_e35_p1080x1080_sh0.08_tt6&_nc_ht=scontent-lga3-3.cdninstagram.com&_nc_cat=110&_nc_oc=Q6cZ2QHmsUIVetWb4qpz0LMQ87WuxlHxauEnK9oGfYUc_FeAMmJpvV9-y76LxR04QWJ_ZDc&_nc_ohc=p92SvjbuCL0Q7kNvwEhGYvq&_nc_gid=Ag5UDZ-VYYezMgMsgc1gcw&edm=APs17CUBAAAA&ccb=7-5&oh=00_AferxW9BeC_DV9atBcTLfs_cVx2I_-LhUMMCN9CL6vLuJg&oe=68EDC81D&_nc_sid=10d13b",
"Dalit leaders or prominent public personalities, like Justice BR Gavai and Tina Dabi in the past, often face intense casteist hostility even at the highest levels of the public sphere. Right-wing digital ecosystems target Dalit excellence and Ambedkarite ideas, weaponising social media to intimidate and exclude, often on the basis of religion. @samossumit writes.

Head to the LINK IN BIO to read the full article.

[This post has been produced through The Quint’s latest AI feature—NewsEasy. Discover smarter news reading and journalism that educates with ‘InShort’, ‘Big Points’ & ‘Questions and Answers’. Head to www.thequint.com]","44","992","Sidecar",,"2025-10-09T07:11:31.000Z","https://scontent-atl3-3.cdninstagram.com/v/t51.2885-15/561056945_18537103489007590_7362966348281179734_n.heic?stp=dst-jpg_e35_p1080x1080_sh0.08_tt6&_nc_ht=scontent-atl3-3.cdninstagram.com&_nc_cat=110&_nc_oc=Q6cZ2QGEr3GPPA4y4kpGmv2ATFNq8h3SFHw4L1SsRVGwXIRedJqOZdTbPp2zrb8jlfSf0ko&_nc_ohc=YbW8ix-qFq0Q7kNvwE66HSQ&_nc_gid=lBCk405CX7HTeQxMi0alog&edm=APs17CUBAAAA&ccb=7-5&oh=00_AfeHakrfY1QIZ9MG3KIDbtVDuHTpl63OG_WN4LefQ6fSDw&oe=68EDCD48&_nc_sid=10d13b","https://scontent-atl3-3.cdninstagram.com/v/t51.2885-15/562415896_18537103501007590_7480961220689510363_n.heic?stp=dst-jpg_e35_p1080x1080_sh0.08_tt6&_nc_ht=scontent-atl3-3.cdninstagram.com&_nc_cat=110&_nc_oc=Q6cZ2QGEr3GPPA4y4kpGmv2ATFNq8h3SFHw4L1SsRVGwXIRedJqOZdTbPp2zrb8jlfSf0ko&_nc_ohc=P8HXKGNYesoQ7kNvwGPYGRP&_nc_gid=lBCk405CX7HTeQxMi0alog&edm=APs17CUBAAAA&ccb=7-5&oh=00_AffGMr4hfsval9ap7VTsyQmsKvi3OZdMzJvBuNvuBPCKIg&oe=68EDCF6F&_nc_sid=10d13b","https://scontent-atl3-3.cdninstagram.com/v/t51.2885-15/561783186_18537103510007590_5228790847368423558_n.heic?stp=dst-jpg_e35_p1080x1080_sh0.08_tt6&_nc_ht=scontent-atl3-3.cdninstagram.com&_nc_cat=110&_nc_oc=Q6cZ2QGEr3GPPA4y4kpGmv2ATFNq8h3SFHw4L1SsRVGwXIRedJqOZdTbPp2zrb8jlfSf0ko&_nc_ohc=GLN8xhyrGAsQ7kNvwEWJySe&_nc_gid=lBCk405CX7HTeQxMi0alog&edm=APs17CUBAAAA&ccb=7-5&oh=00_AfdBI5QZXrqw7a4zS93WNc3hXMSZjKUSPMqWCuVAudzWmw&oe=68EDAB46&_nc_sid=10d13b","https://scontent-atl3-3.cdninstagram.com/v/t51.2885-15/559941767_18537103522007590_3297618088171008846_n.heic?stp=dst-jpg_e35_p1080x1080_sh0.08_tt6&_nc_ht=scontent-atl3-3.cdninstagram.com&_nc_cat=110&_nc_oc=Q6cZ2QGEr3GPPA4y4kpGmv2ATFNq8h3SFHw4L1SsRVGwXIRedJqOZdTbPp2zrb8jlfSf0ko&_nc_ohc=YtpWzX6o8f8Q7kNvwFzFRh_&_nc_gid=lBCk405CX7HTeQxMi0alog&edm=APs17CUBAAAA&ccb=7-5&oh=00_AfdGpS5Kee7bkvhb_xnOtxgxFLcDKfREZye2ajeUoKVT_Q&oe=68EDA55C&_nc_sid=10d13b","https://scontent-atl3-3.cdninstagram.com/v/t51.2885-15/562827523_18537103534007590_4499856910905834324_n.heic?stp=dst-jpg_e35_p1080x1080_sh0.08_tt6&_nc_ht=scontent-atl3-3.cdninstagram.com&_nc_cat=110&_nc_oc=Q6cZ2QGEr3GPPA4y4kpGmv2ATFNq8h3SFHw4L1SsRVGwXIRedJqOZdTbPp2zrb8jlfSf0ko&_nc_ohc=a5Tv0ootWRkQ7kNvwFM6hSu&_nc_gid=lBCk405CX7HTeQxMi0alog&edm=APs17CUBAAAA&ccb=7-5&oh=00_Afcvq0DBp8_7Ca9y0y4UCULEPbH2T8lLP1EOzfLRdZzapw&oe=68EDD95D&_nc_sid=10d13b","https://scontent-atl3-3.cdninstagram.com/v/t51.2885-15/560787312_18537103543007590_3805641187423325938_n.heic?stp=dst-jpg_e35_p1080x1080_sh0.08_tt6&_nc_ht=scontent-atl3-3.cdninstagram.com&_nc_cat=110&_nc_oc=Q6cZ2QGEr3GPPA4y4kpGmv2ATFNq8h3SFHw4L1SsRVGwXIRedJqOZdTbPp2zrb8jlfSf0ko&_nc_ohc=TZ68hjkOcFkQ7kNvwGfWHta&_nc_gid=lBCk405CX7HTeQxMi0alog&edm=APs17CUBAAAA&ccb=7-5&oh=00_AfcniNZk9ctz_q1XTxSpUbQWkrh_3J8ZLuv8OcwHXFXMug&oe=68EDB05F&_nc_sid=10d13b","https://scontent-atl3-3.cdninstagram.com/v/t51.2885-15/561411056_18537103552007590_93364752961718753_n.heic?stp=dst-jpg_e35_p1080x1080_sh0.08_tt6&_nc_ht=scontent-atl3-3.cdninstagram.com&_nc_cat=110&_nc_oc=Q6cZ2QGEr3GPPA4y4kpGmv2ATFNq8h3SFHw4L1SsRVGwXIRedJqOZdTbPp2zrb8jlfSf0ko&_nc_ohc=Po9er2-2hmUQ7kNvwFN07Cx&_nc_gid=lBCk405CX7HTeQxMi0alog&edm=APs17CUBAAAA&ccb=7-5&oh=00_AffVthAffDwS6uZgyH81wGgjIEZG-dyhqQm8zbpUcnGKCg&oe=68EDD866&_nc_sid=10d13b","https://scontent-atl3-3.cdninstagram.com/v/t51.2885-15/563001684_18537103564007590_78407454810434124_n.heic?stp=dst-jpg_e35_p1080x1080_sh0.08_tt6&_nc_ht=scontent-atl3-3.cdninstagram.com&_nc_cat=110&_nc_oc=Q6cZ2QGEr3GPPA4y4kpGmv2ATFNq8h3SFHw4L1SsRVGwXIRedJqOZdTbPp2zrb8jlfSf0ko&_nc_ohc=dJ4fLC2kgNUQ7kNvwFqRWEF&_nc_gid=lBCk405CX7HTeQxMi0alog&edm=APs17CUBAAAA&ccb=7-5&oh=00_AffHYS_mJ9m717-2FpvLodaNx0hI0Wkl2X1YDdigqGjw0A&oe=68EDC32D&_nc_sid=10d13b",
"That HSRP site you just clicked on might be a SCAM.

Fake portals are charging extra for High Security Number Plates (HSRP) and they’re vanishing with your money.","2","37","Video","402","2025-10-09T08:15:03.000Z",,,,,,,,,
"Should ideology be subordinated to politics, which has helped grow RSS exponentially since the rise of Modi?

LINK IN BIO.

#RSS #BJP #Modi #Ideology #Politics
[RSS, BJP, Modi, Ideology, Politics]","19","96","Sidecar",,"2025-10-08T13:51:52.000Z","https://scontent-lga3-3.cdninstagram.com/v/t51.2885-15/561625943_18536936350007590_278433970817633629_n.heic?stp=dst-jpg_e35_p1080x1080_sh0.08_tt6&_nc_ht=scontent-lga3-3.cdninstagram.com&_nc_cat=110&_nc_oc=Q6cZ2QGc3u9MDRcF2Pw-8ljWy99VORjoOHwCDvFDppXK0UjqPmDWMnWSFZHPthfIFh5vcyA&_nc_ohc=TYgl9hnKPVsQ7kNvwFKkcp6&_nc_gid=0XkUdHfaHi9iVfroiRpmyQ&edm=APs17CUBAAAA&ccb=7-5&oh=00_AfeawZQxyUiZm4Du1MybAi2MGBsmi2p8QZhV8UTQzm8y-g&oe=68EDB60C&_nc_sid=10d13b","https://scontent-lga3-3.cdninstagram.com/v/t51.2885-15/561413033_18536936359007590_5895160925713107940_n.heic?stp=dst-jpg_e35_p1080x1080_sh0.08_tt6&_nc_ht=scontent-lga3-3.cdninstagram.com&_nc_cat=110&_nc_oc=Q6cZ2QGc3u9MDRcF2Pw-8ljWy99VORjoOHwCDvFDppXK0UjqPmDWMnWSFZHPthfIFh5vcyA&_nc_ohc=iFIChdidcGYQ7kNvwFTiXfH&_nc_gid=0XkUdHfaHi9iVfroiRpmyQ&edm=APs17CUBAAAA&ccb=7-5&oh=00_Afcleh9sWoc0_SD0I2OJWb95y-gyQV7rF0mvNpRScf49rQ&oe=68EDD335&_nc_sid=10d13b","https://scontent-lga3-3.cdninstagram.com/v/t51.2885-15/560636918_18536936371007590_281943561170346704_n.heic?stp=dst-jpg_e35_p1080x1080_sh0.08_tt6&_nc_ht=scontent-lga3-3.cdninstagram.com&_nc_cat=110&_nc_oc=Q6cZ2QGc3u9MDRcF2Pw-8ljWy99VORjoOHwCDvFDppXK0UjqPmDWMnWSFZHPthfIFh5vcyA&_nc_ohc=0Wb8whJbIp0Q7kNvwHtEfPl&_nc_gid=0XkUdHfaHi9iVfroiRpmyQ&edm=APs17CUBAAAA&ccb=7-5&oh=00_AfcW-FSXrZDr63JhI_3CVzD5nsr2YiW4xE8_fnLMSjiaYg&oe=68EDCF22&_nc_sid=10d13b","https://scontent-lga3-3.cdninstagram.com/v/t51.2885-15/561178424_18536936380007590_4024056008996592513_n.heic?stp=dst-jpg_e35_p1080x1080_sh0.08_tt6&_nc_ht=scontent-lga3-3.cdninstagram.com&_nc_cat=110&_nc_oc=Q6cZ2QGc3u9MDRcF2Pw-8ljWy99VORjoOHwCDvFDppXK0UjqPmDWMnWSFZHPthfIFh5vcyA&_nc_ohc=d5rMk3fURQkQ7kNvwEg8_E-&_nc_gid=0XkUdHfaHi9iVfroiRpmyQ&edm=APs17CUBAAAA&ccb=7-5&oh=00_Afc_E530d-2r-O68bXaZH1gK4OTu7I3AiAwNbv_gIs_YhQ&oe=68EDD61D&_nc_sid=10d13b","https://scontent-lga3-3.cdninstagram.com/v/t51.2885-15/560621978_18536936422007590_1264118913619762563_n.heic?stp=dst-jpg_e35_p1080x1080_sh0.08_tt6&_nc_ht=scontent-lga3-3.cdninstagram.com&_nc_cat=110&_nc_oc=Q6cZ2QGc3u9MDRcF2Pw-8ljWy99VORjoOHwCDvFDppXK0UjqPmDWMnWSFZHPthfIFh5vcyA&_nc_ohc=kMlEa5C6RPwQ7kNvwGLdlEt&_nc_gid=0XkUdHfaHi9iVfroiRpmyQ&edm=APs17CUBAAAA&ccb=7-5&oh=00_Afc8Wyh5xJYxSXi71rTMbZqdCX9wuP3r1L9aJ-BswKpuyg&oe=68EDC0E3&_nc_sid=10d13b","https://scontent-lga3-3.cdninstagram.com/v/t51.2885-15/560642159_18536936431007590_539111690630550193_n.heic?stp=dst-jpg_e35_p1080x1080_sh0.08_tt6&_nc_ht=scontent-lga3-3.cdninstagram.com&_nc_cat=110&_nc_oc=Q6cZ2QGc3u9MDRcF2Pw-8ljWy99VORjoOHwCDvFDppXK0UjqPmDWMnWSFZHPthfIFh5vcyA&_nc_ohc=SMGTgmq-Y_kQ7kNvwGi4DjT&_nc_gid=0XkUdHfaHi9iVfroiRpmyQ&edm=APs17CUBAAAA&ccb=7-5&oh=00_Afd3DH5eU2Vhps7-YZSm8dCw_f4LfgbiFuE4S8HcSICR8Q&oe=68EDAA74&_nc_sid=10d13b",,,
"The 1971 War was on. No 18 Squadron was based in Srinagar. ‘Brother’ Sekhon was a great fan of the Gnats he flew. His big worry—that the war would end before he brought down a Pakistani plane.

Read the riveting story of Indian Air Force’s only Param Vir Chakra awardee, as told by his former colleagues- LINK IN BIO

(This story of Indian Air Force’s only Param Vir Chakra awardee NJS Sekhon, was first published on 14 December 2015. It has been republished from The Quint’s to mark Air Force Day.)

LINK IN BIO to read the full story.","0","296","Sidecar",,"2025-10-08T12:16:47.000Z","https://scontent-sjc3-1.cdninstagram.com/v/t51.2885-15/561679849_18536923093007590_3920687927176469641_n.jpg?stp=dst-jpg_e15_fr_p1080x1080_tt6&_nc_ht=scontent-sjc3-1.cdninstagram.com&_nc_cat=110&_nc_oc=Q6cZ2QHOz_edZHYQWqpbp3LhkkjsYZ3fimAlleacmyJre_wFRTH9LHceTi-64ehs_Km1e_A&_nc_ohc=rFH5CxOAfTgQ7kNvwFhvEPb&_nc_gid=197uDFG-6aX3jnOwrXl2Iw&edm=APs17CUBAAAA&ccb=7-5&oh=00_AfdJMtq7oGw9l1JdDgkN7HjpXk68_2z9w5liZ6q92jEKQg&oe=68EDB68D&_nc_sid=10d13b","https://scontent-sjc3-1.cdninstagram.com/v/t51.2885-15/562552167_18536923102007590_3982609924342917871_n.jpg?stp=dst-jpg_e15_fr_p1080x1080_tt6&_nc_ht=scontent-sjc3-1.cdninstagram.com&_nc_cat=110&_nc_oc=Q6cZ2QHOz_edZHYQWqpbp3LhkkjsYZ3fimAlleacmyJre_wFRTH9LHceTi-64ehs_Km1e_A&_nc_ohc=6xJ-0ND2lNUQ7kNvwEsa-XZ&_nc_gid=197uDFG-6aX3jnOwrXl2Iw&edm=APs17CUBAAAA&ccb=7-5&oh=00_Aff-xxNWF9JiIJ2XR2KkYSmgzjgHejnBPmdV3IDfcFSwrA&oe=68EDAE7B&_nc_sid=10d13b","https://scontent-sjc3-1.cdninstagram.com/v/t51.2885-15/563107265_18536923111007590_3251153038421507757_n.jpg?stp=dst-jpg_e15_fr_p1080x1080_tt6&_nc_ht=scontent-sjc3-1.cdninstagram.com&_nc_cat=110&_nc_oc=Q6cZ2QHOz_edZHYQWqpbp3LhkkjsYZ3fimAlleacmyJre_wFRTH9LHceTi-64ehs_Km1e_A&_nc_ohc=aNRBhYSaOZ0Q7kNvwEWBVLg&_nc_gid=197uDFG-6aX3jnOwrXl2Iw&edm=APs17CUBAAAA&ccb=7-5&oh=00_AfcHMOJSG0cn9mndhUBST3ygpxoseVKLi8T0acJ5Ev3qyg&oe=68EDC41D&_nc_sid=10d13b","https://scontent-sjc3-1.cdninstagram.com/v/t51.2885-15/561730760_18536923120007590_4656213259478896679_n.jpg?stp=dst-jpg_e15_fr_p1080x1080_tt6&_nc_ht=scontent-sjc3-1.cdninstagram.com&_nc_cat=110&_nc_oc=Q6cZ2QHOz_edZHYQWqpbp3LhkkjsYZ3fimAlleacmyJre_wFRTH9LHceTi-64ehs_Km1e_A&_nc_ohc=nm9t6NChtT0Q7kNvwFpZ5yG&_nc_gid=197uDFG-6aX3jnOwrXl2Iw&edm=APs17CUBAAAA&ccb=7-5&oh=00_Afd9307f5AJTmwIwHKLQZUnHTYUQX9TuYNh8iWLeyCR84A&oe=68EDC9BE&_nc_sid=10d13b","https://scontent-sjc3-1.cdninstagram.com/v/t51.2885-15/560769769_18536923129007590_3837280693204522798_n.jpg?stp=dst-jpg_e15_fr_p1080x1080_tt6&_nc_ht=scontent-sjc3-1.cdninstagram.com&_nc_cat=110&_nc_oc=Q6cZ2QHOz_edZHYQWqpbp3LhkkjsYZ3fimAlleacmyJre_wFRTH9LHceTi-64ehs_Km1e_A&_nc_ohc=tyMrrhzjMyUQ7kNvwFN1lEI&_nc_gid=197uDFG-6aX3jnOwrXl2Iw&edm=APs17CUBAAAA&ccb=7-5&oh=00_Afev9TUoD37-SGTsYV5fehlA9tjgTvgyjuQWXh6VqVZp6w&oe=68EDCC89&_nc_sid=10d13b","https://scontent-sjc3-1.cdninstagram.com/v/t51.2885-15/561616084_18536923138007590_437559503793387146_n.jpg?stp=dst-jpg_e15_fr_p1080x1080_tt6&_nc_ht=scontent-sjc3-1.cdninstagram.com&_nc_cat=110&_nc_oc=Q6cZ2QHOz_edZHYQWqpbp3LhkkjsYZ3fimAlleacmyJre_wFRTH9LHceTi-64ehs_Km1e_A&_nc_ohc=ew6dyLxfHBIQ7kNvwFNOdOC&_nc_gid=197uDFG-6aX3jnOwrXl2Iw&edm=APs17CUBAAAA&ccb=7-5&oh=00_Afd-os5Q8sDQSKlUvLKjEMKExYRfpd5-xoC8wbvGW84LyQ&oe=68EDBF17&_nc_sid=10d13b","https://scontent-sjc3-1.cdninstagram.com/v/t51.2885-15/560624198_18536923147007590_5546258223248580874_n.jpg?stp=dst-jpg_e15_fr_p1080x1080_tt6&_nc_ht=scontent-sjc3-1.cdninstagram.com&_nc_cat=110&_nc_oc=Q6cZ2QHOz_edZHYQWqpbp3LhkkjsYZ3fimAlleacmyJre_wFRTH9LHceTi-64ehs_Km1e_A&_nc_ohc=VQ2CvxpZMC0Q7kNvwHBFHt6&_nc_gid=197uDFG-6aX3jnOwrXl2Iw&edm=APs17CUBAAAA&ccb=7-5&oh=00_AfdVqkiViQ641D9zdPWgH8KTjFUeXB33D0QMnMzHUNtPSQ&oe=68EDB73A&_nc_sid=10d13b","https://scontent-sjc3-1.cdninstagram.com/v/t51.2885-15/560599106_18536923156007590_50242362718353466_n.jpg?stp=dst-jpg_e15_fr_p1080x1080_tt6&_nc_ht=scontent-sjc3-1.cdninstagram.com&_nc_cat=110&_nc_oc=Q6cZ2QHOz_edZHYQWqpbp3LhkkjsYZ3fimAlleacmyJre_wFRTH9LHceTi-64ehs_Km1e_A&_nc_ohc=QggBeZ7-Kh4Q7kNvwFh7Xsh&_nc_gid=197uDFG-6aX3jnOwrXl2Iw&edm=APs17CUBAAAA&ccb=7-5&oh=00_AfcGHIYcQmpoRI16KtbWS70-ya4L3un6FfVTjSJKo260Bg&oe=68EDCCD6&_nc_sid=10d13b",
"Despite being removed from the Indian ODI team's captaincy, Rohit Sharma opened up on his determination to shine in the upcoming series against Australia and win matches for the team. #cricket #rohitsharma","0","277","Video","6985","2025-10-08T15:49:49.000Z",,,,,,,,,
"𝐈 𝐥𝐨𝐯𝐞 𝐭𝐡𝐢𝐬 𝐭𝐞𝐚𝐦: 𝐑𝐨𝐡𝐢𝐭 𝐒𝐡𝐚𝐫𝐦𝐚

In his first public statement since being removed as the captain of the ODI team, former Indian skipper #RohitSharma reflected on his last ICC triumph as the captain, at the Champions Trophy. He also credited the former Indian coach, Rahul Dravid. #indiancricketteam #cricket","2","826","Video","10942","2025-10-08T14:29:04.000Z",,,,,,,,,
"The post-AI world will be brutally, astonishingly different from the one we grew up in. It’s an existential thrill to ask probing questions about how it could play out! Watch the full episode of the latest Raghav's Take - LINK IN BIO.

#RaghavsTake #AI #artificialintelligence #Robots #Jobs #Gemini #OpenAi #GenerativeAI #Employment #Capital #Market
[Raghav's Take, AI, Artificial Intelligence, Robots, Jobs, Gemini, OpenAI, Generative AI, Employment, Capital, Market]","0","18","Video","363","2025-10-09T11:28:22.000Z",,,,,,,,,
"Wide footpaths and sidewalks are considered a way to tell ordinary citizens that “we care for you"". Architect and urban designer Prasanna Desai says, ""The depth of democracy is decided by the width of the footpath in a city."" The existing condition of pedestrian paths in our cities tells an important story. In our documentary RELEASING TOMORROW, we go around different cities of India and try to understand – Why Indian Cities aren't Walkable. Stay tuned!","58","8162","Sidecar",,"2025-10-08T09:17:32.000Z","https://instagram.fmkc1-1.fna.fbcdn.net/v/t51.2885-15/560579279_18536902678007590_8942498739031742461_n.heic?stp=dst-jpg_e35_p1080x1080_sh0.08_tt6&_nc_ht=instagram.fmkc1-1.fna.fbcdn.net&_nc_cat=110&_nc_oc=Q6cZ2QFUVGfyWCnEKrybs99t1ymjCwaJ-wlMZfaR-xNnrx-ANEvJgNsvevNxbexEyNkIsMQ&_nc_ohc=saq6mnKWMisQ7kNvwEEQ4jg&_nc_gid=l_U0nfFlvCmsr3yKwI938g&edm=APs17CUBAAAA&ccb=7-5&oh=00_AffoBClsurTtyoxWtq_y8Ciqo2q6ZLCyLtvmTlDvinnP9Q&oe=68EDB9B4&_nc_sid=10d13b","https://instagram.fmkc1-1.fna.fbcdn.net/v/t51.2885-15/562527829_18536902687007590_845219061829894103_n.heic?stp=dst-jpg_e35_p1080x1080_sh0.08_tt6&_nc_ht=instagram.fmkc1-1.fna.fbcdn.net&_nc_cat=110&_nc_oc=Q6cZ2QFUVGfyWCnEKrybs99t1ymjCwaJ-wlMZfaR-xNnrx-ANEvJgNsvevNxbexEyNkIsMQ&_nc_ohc=sXgvtcfWw4MQ7kNvwF-7Gds&_nc_gid=l_U0nfFlvCmsr3yKwI938g&edm=APs17CUBAAAA&ccb=7-5&oh=00_Afd0vN6CBU7LxfYpyvH5dNcS3G9oqQMSOiS04NAi6TnB-A&oe=68EDBD7E&_nc_sid=10d13b",,,,,,,
"Eleven days after his arrest under the National Security Act (NSA), Sonam Wangchuk’s wife Gitanjali Angmo was finally allowed to meet the incarcerated climate activist in Jodhpur Central Jail, and was also given the detention order which details the charges against him. 

In a post on X, Angmo said: “Met @Wangchuk66 today with RitamKhare and got the detention order which we will challenge. 
His spirit is undaunted. His commitment resolute! His resilience intact!
He conveys heartfelt thanks to all for their support and solidarity. 
#SatyamevaJayate 
#FreeSonamWangchuk.”

Follow @TheQuint’s coverage of the unrest in Ladakh. BECOME A MEMBER to support our coverage.","33","2950","Sidecar",,"2025-10-08T03:55:07.000Z","https://scontent-atl3-3.cdninstagram.com/v/t51.2885-15/561551226_18536871214007590_3207432061513446867_n.jpg?stp=dst-jpg_e15_fr_p1080x1080_tt6&_nc_ht=scontent-atl3-3.cdninstagram.com&_nc_cat=110&_nc_oc=Q6cZ2QEx_GAYAeHnyC5MtntkVL5yWKKCdBsZGaD2In6l09vpCsXHSuRyE5lD1wxv1f9jrnw&_nc_ohc=dYutz0o0y8IQ7kNvwH1vEkW&_nc_gid=5KgWV4k9FRdDu8ePdoLARQ&edm=APs17CUBAAAA&ccb=7-5&oh=00_AffpLSiXItKd5ZPnpU58lZnvUtNgv9ap2V90vNzWJQO8Bw&oe=68EDBEDC&_nc_sid=10d13b","https://scontent-atl3-3.cdninstagram.com/v/t51.2885-15/561117157_18536871229007590_1285965630396408397_n.jpg?stp=dst-jpg_e15_fr_p1080x1080_tt6&_nc_ht=scontent-atl3-3.cdninstagram.com&_nc_cat=110&_nc_oc=Q6cZ2QEx_GAYAeHnyC5MtntkVL5yWKKCdBsZGaD2In6l09vpCsXHSuRyE5lD1wxv1f9jrnw&_nc_ohc=YqDEEDFw-QUQ7kNvwGze_8L&_nc_gid=5KgWV4k9FRdDu8ePdoLARQ&edm=APs17CUBAAAA&ccb=7-5&oh=00_Afcrl3frtVCee2jLG9hOI0BrU8byoai8XEXiH8RMwCym2g&oe=68EDC5D0&_nc_sid=10d13b","https://scontent-atl3-3.cdninstagram.com/v/t51.2885-15/561722646_18536871232007590_1455984562023520495_n.jpg?stp=dst-jpg_e15_fr_p1080x1080_tt6&_nc_ht=scontent-atl3-3.cdninstagram.com&_nc_cat=110&_nc_oc=Q6cZ2QEx_GAYAeHnyC5MtntkVL5yWKKCdBsZGaD2In6l09vpCsXHSuRyE5lD1wxv1f9jrnw&_nc_ohc=cBdrS6fn8D0Q7kNvwHKtNcK&_nc_gid=5KgWV4k9FRdDu8ePdoLARQ&edm=APs17CUBAAAA&ccb=7-5&oh=00_AfeXY4-zp0NMzFynxadUlGU5PYsZ4PEMibNUb3Bc08dySw&oe=68EDC253&_nc_sid=10d13b",,,,,,
"US President Donald Trump’s harsh decision to impose a 50 percent tariff on Indian exports to the US has begun to bite. There are reports of layoffs by exporters of labour-intensive products such as textiles.
PM Modi is going out of his way to praise Trump, most recently with the 20-point Gaza Peace Plan, notes Vivek Katju.

Read the complete piece - LINK IN BIO.

#America #Trump #Modi #India #Tariff 
[Narendra Modi, Donald Trump, India, America, US, Tariff]","2","68","Sidecar",,"2025-10-08T06:40:19.000Z","https://scontent-lga3-3.cdninstagram.com/v/t51.2885-15/561488539_18536882611007590_4818882157228688164_n.heic?stp=dst-jpg_e35_p1080x1080_sh0.08_tt6&_nc_ht=scontent-lga3-3.cdninstagram.com&_nc_cat=110&_nc_oc=Q6cZ2QHqEV5xFi-rs2mWffF4TI__iHu4_yyqw5SEwCrTNOqBeEnOA0p8DMD60JsTzNZgDGY&_nc_ohc=d3BuqWgMRKQQ7kNvwFaXwU3&_nc_gid=caaRnnN9LF0PbHGxpDT_VQ&edm=APs17CUBAAAA&ccb=7-5&oh=00_Aff5U5ktwpL-OzcTBwjKS3-rzsuiqInzIuZe20RwS0qHqQ&oe=68EDA7C0&_nc_sid=10d13b","https://scontent-lga3-3.cdninstagram.com/v/t51.2885-15/560041041_18536882620007590_1828052278875744315_n.heic?stp=dst-jpg_e35_p1080x1080_sh0.08_tt6&_nc_ht=scontent-lga3-3.cdninstagram.com&_nc_cat=110&_nc_oc=Q6cZ2QHqEV5xFi-rs2mWffF4TI__iHu4_yyqw5SEwCrTNOqBeEnOA0p8DMD60JsTzNZgDGY&_nc_ohc=FAcg_JF3CkAQ7kNvwGxVQZa&_nc_gid=caaRnnN9LF0PbHGxpDT_VQ&edm=APs17CUBAAAA&ccb=7-5&oh=00_AfdffohZ3IygzEtaJa68CnPp6ZOTnEMhYWa86d4TaLyO_w&oe=68EDAFC4&_nc_sid=10d13b","https://scontent-lga3-3.cdninstagram.com/v/t51.2885-15/561184312_18536882629007590_6817305378026712478_n.heic?stp=dst-jpg_e35_p1080x1080_sh0.08_tt6&_nc_ht=scontent-lga3-3.cdninstagram.com&_nc_cat=110&_nc_oc=Q6cZ2QHqEV5xFi-rs2mWffF4TI__iHu4_yyqw5SEwCrTNOqBeEnOA0p8DMD60JsTzNZgDGY&_nc_ohc=iITiC_H81FIQ7kNvwHrfSyg&_nc_gid=caaRnnN9LF0PbHGxpDT_VQ&edm=APs17CUBAAAA&ccb=7-5&oh=00_AfcYC2xSKexIxZTCcA2tA383uvcpvJBlqzTRp41XbLfxrw&oe=68EDB369&_nc_sid=10d13b","https://scontent-lga3-3.cdninstagram.com/v/t51.2885-15/561287952_18536882638007590_2908387675229203597_n.heic?stp=dst-jpg_e35_p1080x1080_sh0.08_tt6&_nc_ht=scontent-lga3-3.cdninstagram.com&_nc_cat=110&_nc_oc=Q6cZ2QHqEV5xFi-rs2mWffF4TI__iHu4_yyqw5SEwCrTNOqBeEnOA0p8DMD60JsTzNZgDGY&_nc_ohc=NxL-JNAedwUQ7kNvwHdiE3m&_nc_gid=caaRnnN9LF0PbHGxpDT_VQ&edm=APs17CUBAAAA&ccb=7-5&oh=00_AfdHtgbpSCQBqZuPcyxj-IftwYh0GcOzMG5BZMFYaTglfw&oe=68EDD11F&_nc_sid=10d13b","https://scontent-lga3-3.cdninstagram.com/v/t51.2885-15/562563821_18536882647007590_1849257865153355967_n.heic?stp=dst-jpg_e35_p1080x1080_sh0.08_tt6&_nc_ht=scontent-lga3-3.cdninstagram.com&_nc_cat=110&_nc_oc=Q6cZ2QHqEV5xFi-rs2mWffF4TI__iHu4_yyqw5SEwCrTNOqBeEnOA0p8DMD60JsTzNZgDGY&_nc_ohc=mi8FhGchwe8Q7kNvwGhbhbt&_nc_gid=caaRnnN9LF0PbHGxpDT_VQ&edm=APs17CUBAAAA&ccb=7-5&oh=00_AfcKeeSXvqs3agyLYPCYX5eQn9PQxErDZyAxtA6KvaTP5g&oe=68EDB12F&_nc_sid=10d13b","https://scontent-lga3-3.cdninstagram.com/v/t51.2885-15/560376274_18536882659007590_177538777709047319_n.heic?stp=dst-jpg_e35_p1080x1080_sh0.08_tt6&_nc_ht=scontent-lga3-3.cdninstagram.com&_nc_cat=110&_nc_oc=Q6cZ2QHqEV5xFi-rs2mWffF4TI__iHu4_yyqw5SEwCrTNOqBeEnOA0p8DMD60JsTzNZgDGY&_nc_ohc=wa5HNyhnWGIQ7kNvwGl9jpG&_nc_gid=caaRnnN9LF0PbHGxpDT_VQ&edm=APs17CUBAAAA&ccb=7-5&oh=00_Aff8KzFIMqDz8TMB6kheixDd1DbLY8ffd1gTJeVT_o1hiA&oe=68EDB857&_nc_sid=10d13b","https://scontent-lga3-3.cdninstagram.com/v/t51.2885-15/560541151_18536882671007590_3070315069250640558_n.heic?stp=dst-jpg_e35_p1080x1080_sh0.08_tt6&_nc_ht=scontent-lga3-3.cdninstagram.com&_nc_cat=110&_nc_oc=Q6cZ2QHqEV5xFi-rs2mWffF4TI__iHu4_yyqw5SEwCrTNOqBeEnOA0p8DMD60JsTzNZgDGY&_nc_ohc=h5nG1m6RfLEQ7kNvwEneMPV&_nc_gid=caaRnnN9LF0PbHGxpDT_VQ&edm=APs17CUBAAAA&ccb=7-5&oh=00_Afc7CcgvnBF8mAkS0Va0Y7BcQ5IDsGE7qsU39g3gFbwjiA&oe=68EDB70C&_nc_sid=10d13b",,
"The controversy began in Kanpur during Eid Milad-un-Nabi, when a light board reading “I Love Mohammad” was displayed. Police claim the dispute was over torn posters, while the local imam calls the FIR baseless. The issue soon spread to Bareilly and other parts of the country, sparking protests and police action nationwide.

In this episode of ‘Janab Aise Kaise?’, @shadabmoizee explains why the “I Love Mohammad” controversy erupted, whether an entire community is being targeted in its name, and who actually benefits from spreading such hate and fear. Watch the full episode on our YT channel - LINK IN BIO.

 #ILoveMohammad #JanabAiseKaise #BulldozerInjustice #Muslim #Kanpur","31","1139","Video","8897","2025-10-07T15:00:00.000Z",,,,,,,,,
"On the grim second anniversary since the Israel-Palestine war escalated to unprecedented levels, an end to violence seems imminent, but the road remains unclear. US President Donald Trump’s peace plan proposes a permanent ceasefire and concessions from both Israel and Hamas. While the plan faces criticism for favouring Israel, strong international backing and Arab support provide hope towards a faraway peace, or at least coexistence.

LINK IN BIO to read more. #palestine #israel #gaza","4","126","Sidecar",,"2025-10-07T13:54:20.000Z","https://scontent-lga3-3.cdninstagram.com/v/t51.2885-15/561656713_18536762899007590_6411697318766611285_n.jpg?stp=dst-jpg_e15_fr_p1080x1080_tt6&_nc_ht=scontent-lga3-3.cdninstagram.com&_nc_cat=110&_nc_oc=Q6cZ2QEc7pB36xF125k_sJ1tF7w2Fx7rYjasu3VC3d0yl4qMEdjKyO9RbwMGGsmXijR6iuI&_nc_ohc=lOMYDhyrOdMQ7kNvwEwfm3L&_nc_gid=-44cKCTt3TDGJsWDHCZ_0Q&edm=APs17CUBAAAA&ccb=7-5&oh=00_AfcADZ9M0TAjEXX0v3tV5ofF6LbZXO2MCgOabEJLZNjnqA&oe=68EDB264&_nc_sid=10d13b","https://scontent-lga3-3.cdninstagram.com/v/t51.2885-15/561519223_18536762908007590_4021540119114135648_n.jpg?stp=dst-jpg_e15_fr_p1080x1080_tt6&_nc_ht=scontent-lga3-3.cdninstagram.com&_nc_cat=110&_nc_oc=Q6cZ2QEc7pB36xF125k_sJ1tF7w2Fx7rYjasu3VC3d0yl4qMEdjKyO9RbwMGGsmXijR6iuI&_nc_ohc=Dr_ZgIUs6O8Q7kNvwE2YtpF&_nc_gid=-44cKCTt3TDGJsWDHCZ_0Q&edm=APs17CUBAAAA&ccb=7-5&oh=00_Affq5y-yUORHwXJj46OKPoIMjimetEUCNLAqkKt56GB28w&oe=68EDAD95&_nc_sid=10d13b","https://scontent-lga3-3.cdninstagram.com/v/t51.2885-15/561097609_18536762917007590_5063636986120078676_n.jpg?stp=dst-jpg_e15_fr_p1080x1080_tt6&_nc_ht=scontent-lga3-3.cdninstagram.com&_nc_cat=110&_nc_oc=Q6cZ2QEc7pB36xF125k_sJ1tF7w2Fx7rYjasu3VC3d0yl4qMEdjKyO9RbwMGGsmXijR6iuI&_nc_ohc=sKPgYpEE4a4Q7kNvwHTxfTw&_nc_gid=-44cKCTt3TDGJsWDHCZ_0Q&edm=APs17CUBAAAA&ccb=7-5&oh=00_AfchmT1BwKB1qO2aAgAcP8PEZ0Za_fXX0NZhbd8hjr16NQ&oe=68EDB8D6&_nc_sid=10d13b","https://scontent-lga3-3.cdninstagram.com/v/t51.2885-15/560910246_18536762926007590_5505767901484968188_n.jpg?stp=dst-jpg_e15_fr_p1080x1080_tt6&_nc_ht=scontent-lga3-3.cdninstagram.com&_nc_cat=110&_nc_oc=Q6cZ2QEc7pB36xF125k_sJ1tF7w2Fx7rYjasu3VC3d0yl4qMEdjKyO9RbwMGGsmXijR6iuI&_nc_ohc=YMPzA1Wv980Q7kNvwEwGpmW&_nc_gid=-44cKCTt3TDGJsWDHCZ_0Q&edm=APs17CUBAAAA&ccb=7-5&oh=00_AfdC-Bo-IUKP6H-MDk_trmwQp6hDFX5eGM5hyvwSwDXGkA&oe=68EDD01D&_nc_sid=10d13b","https://scontent-lga3-3.cdninstagram.com/v/t51.2885-15/560280968_18536762935007590_7579835710858256567_n.jpg?stp=dst-jpg_e15_fr_p1080x1080_tt6&_nc_ht=scontent-lga3-3.cdninstagram.com&_nc_cat=110&_nc_oc=Q6cZ2QEc7pB36xF125k_sJ1tF7w2Fx7rYjasu3VC3d0yl4qMEdjKyO9RbwMGGsmXijR6iuI&_nc_ohc=kQiY74t7TMIQ7kNvwHobPAA&_nc_gid=-44cKCTt3TDGJsWDHCZ_0Q&edm=APs17CUBAAAA&ccb=7-5&oh=00_Affn1-Y2QzwW-7RdQClU6S6tybucR_rwVsNHb59-zrNCeg&oe=68EDB408&_nc_sid=10d13b","https://scontent-lga3-3.cdninstagram.com/v/t51.2885-15/561402012_18536762944007590_6500068296544110734_n.jpg?stp=dst-jpg_e15_fr_p1080x1080_tt6&_nc_ht=scontent-lga3-3.cdninstagram.com&_nc_cat=110&_nc_oc=Q6cZ2QEc7pB36xF125k_sJ1tF7w2Fx7rYjasu3VC3d0yl4qMEdjKyO9RbwMGGsmXijR6iuI&_nc_ohc=E1Np9l0AGooQ7kNvwEBS2IC&_nc_gid=-44cKCTt3TDGJsWDHCZ_0Q&edm=APs17CUBAAAA&ccb=7-5&oh=00_AfdEnBwI9dax0J39BKgoiQvgEfEjGkRKhdF2oSXeHz8iwA&oe=68EDC5CF&_nc_sid=10d13b","https://scontent-lga3-3.cdninstagram.com/v/t51.2885-15/560437386_18536762953007590_8062241033826973623_n.jpg?stp=dst-jpg_e15_fr_p1080x1080_tt6&_nc_ht=scontent-lga3-3.cdninstagram.com&_nc_cat=110&_nc_oc=Q6cZ2QEc7pB36xF125k_sJ1tF7w2Fx7rYjasu3VC3d0yl4qMEdjKyO9RbwMGGsmXijR6iuI&_nc_ohc=LzJLtK-kgPYQ7kNvwHOhIYm&_nc_gid=-44cKCTt3TDGJsWDHCZ_0Q&edm=APs17CUBAAAA&ccb=7-5&oh=00_AfeuzvzoK-FCRbMMU1d1k3QlZ9X27ilHGDYEtvulfxR3Eg&oe=68EDD811&_nc_sid=10d13b","https://scontent-lga3-3.cdninstagram.com/v/t51.2885-15/561221525_18536762962007590_3603982960373179613_n.jpg?stp=dst-jpg_e15_fr_p1080x1080_tt6&_nc_ht=scontent-lga3-3.cdninstagram.com&_nc_cat=110&_nc_oc=Q6cZ2QEc7pB36xF125k_sJ1tF7w2Fx7rYjasu3VC3d0yl4qMEdjKyO9RbwMGGsmXijR6iuI&_nc_ohc=uInWgM84sm4Q7kNvwHLhGPz&_nc_gid=-44cKCTt3TDGJsWDHCZ_0Q&edm=APs17CUBAAAA&ccb=7-5&oh=00_AfcyZLAelzm33nGPF5Ovfx79LVve3MzsBhiHldjvIZC2zw&oe=68EDB37E&_nc_sid=10d13b",
"What did these Bengaluru residents do when the encroachments and potholes in their once leafy colony made stepping out of the house almost impossible? With this video from 2018, they decided to tell their story with footpath Bharatnatyam. Things haven’t changed much since then. In our upcoming documentary, we try to find why Indian cities invariably have poor pedestrian infrastructure. It premieres on 9 October, 2025. Stay tuned!

Video courtesy: @malleswaramsocial","20","1546","Video","20647","2025-10-07T14:03:22.000Z",,,,,,,,,
"Walking is the most basic form of mobility but walkable infrastructure is non-existent in Indian cities. Unsafe and poor state of footpaths are pushing people to switch to motorised vehicles. While pedestrians are the biggest share of commuters, our cities give disproportionate importance to vehicles. So, why do Indian cities ignore pedestrians? 
In this documentary, we go around different cities, speak to experts, look at data, and try to unpack the issue that invariably affects every urban Indian.

Watch the full documentary on @thequint's YouTube Channel - LINK IN BIO.

#Pedestrian #Mobility #Urban #Spaces #Footpath #Walking #Roads #Safety #Data
[Pedestrian, Urban Mobility, Spaces, Footpath, Walking, Road Safety, Data]","20","1622","Video","17593","2025-10-09T12:32:43.000Z",,,,,,,,,
"After the 'I Love Mohammad' controversy in Bareilly, the administration launched a bulldozer drive, sealing around 38 shops near Novelty Chowk, most of them owned by Muslim traders. Locals allege that the municipal corporation acted without prior notice, despite having a court-issued stay order. Meanwhile, the administrative bulldozer also reached the house of Tauqeer Raza's relative. The question remains: if the construction was illegal, why was the administration silent until now?

#ILoveMohammad #Bareilly #BulldozerAction #MuslimTraders #TauqeerRaza","44","1470","Video","11764","2025-10-08T13:31:50.000Z",,,,,,,,,
"Every Monday morning, do you get that sinking feeling—“Oh my God! I have to go back to that awful place, to that job which I hate?” Do you feel anxious, feel that knot in your stomach when you see your boss approaching, because your immediate boss is always trying to humiliate you, scare you into working more and more? Well, you're not alone. A majority of Indian white-collar professionals feel this way now.
Watch senior journalist Aunindyo Chakravarty's latest episode of 'Caught in the Middle' as he breaks down all the recent data which show that Indian workplaces, across the board, is toxic!

LINK IN BIO to Watch the full video analysis. 

#Jobs #Market #Employment #Economy","3","134","Video","924","2025-10-08T14:36:23.000Z",,,,,,,,,
"A ""free Diwali voucher"" in your inbox may not be the festive cheer you're looking for. Scammers send fake gift cards that direct you to suspicious websites, asking for your personal details. Remember to double-check the sender and avoid sharing any information.

Visit our Scamguard microsite for the latest scam alerts - LINK IN BIO.

#Scam #Festival #Diwali #Coupon #Voucher #Offer #Fraud #Safety 
[Scam, Festival Season, Diwali Offer, Coupon, Voucher, Fraud, Safety]","1","27","Sidecar",,"2025-10-08T05:42:42.000Z","https://scontent-iad3-1.cdninstagram.com/v/t51.2885-15/559867395_18536875783007590_6145796716432893207_n.heic?stp=dst-jpg_e35_p1080x1080_sh0.08_tt6&_nc_ht=scontent-iad3-1.cdninstagram.com&_nc_cat=110&_nc_oc=Q6cZ2QG_Gf-iHCsEKB1x3k4p-r6nHMoHfQjtbXr1YS9qatD5GFqnHwa13X5DFWTuORCYSuk&_nc_ohc=wQNTfQQ0VW4Q7kNvwGVX1o0&_nc_gid=iCx91G4xIwUjBF0MvXtdXg&edm=APs17CUBAAAA&ccb=7-5&oh=00_AfelekoyureJOH-4EpehERb930Cekk21GcSx1LD8H1q6eg&oe=68EDB59D&_nc_sid=10d13b","https://scontent-iad3-1.cdninstagram.com/v/t51.2885-15/561681902_18536875792007590_4356471747189870502_n.heic?stp=dst-jpg_e35_p1080x1080_sh0.08_tt6&_nc_ht=scontent-iad3-1.cdninstagram.com&_nc_cat=110&_nc_oc=Q6cZ2QG_Gf-iHCsEKB1x3k4p-r6nHMoHfQjtbXr1YS9qatD5GFqnHwa13X5DFWTuORCYSuk&_nc_ohc=4gkQG4UmzKsQ7kNvwEISLAe&_nc_gid=iCx91G4xIwUjBF0MvXtdXg&edm=APs17CUBAAAA&ccb=7-5&oh=00_Afd4mPOGOjADUpaZQH0N2TtBYKbKGD71D30xUCCV3TbgcQ&oe=68EDD3FC&_nc_sid=10d13b",,,,,,,
"With the Election Commission announcing the dates for the Bihar Assembly elections this week, the state’s political landscape has entered its most charged phase in years. Campaign caravans have rolled out, alliances are fraying, and caste has returned to the centre of Bihar’s political vocabulary.
The caste census, which once symbolised Nitish’s ideological conviction, now mirrors his political vulnerability, writes @___ashraf___19.

LINK IN BIO to Read.

#Bihar #Elections #NitishKumar #Caste #Vote #BJP #NDA 
[Bihar Elections, Nitish Kumar, Caste Census, Vote, BJP, NDA]","1","203","Sidecar",,"2025-10-08T04:28:31.000Z","https://scontent-lga3-3.cdninstagram.com/v/t51.2885-15/561678686_18536873578007590_3588017873204896019_n.heic?stp=dst-jpg_e35_p1080x1080_sh0.08_tt6&_nc_ht=scontent-lga3-3.cdninstagram.com&_nc_cat=110&_nc_oc=Q6cZ2QG1BhJ_m0S884NmxotCDeyG_ZtjPoQqRspKyHq1sxuQ5yMKqjfGp18udABlgUz_Jp0&_nc_ohc=gqEO-YtwdjwQ7kNvwFOg3zI&_nc_gid=pzQDiiegWry64tpganJgzA&edm=APs17CUBAAAA&ccb=7-5&oh=00_AfeFxcDSJHalrJTRfGnYan0AFFCU8_l9PFHYFP23iBndQQ&oe=68EDA838&_nc_sid=10d13b","https://scontent-lga3-3.cdninstagram.com/v/t51.2885-15/560928311_18536873590007590_482839529149373787_n.heic?stp=dst-jpg_e35_p1080x1080_sh0.08_tt6&_nc_ht=scontent-lga3-3.cdninstagram.com&_nc_cat=110&_nc_oc=Q6cZ2QG1BhJ_m0S884NmxotCDeyG_ZtjPoQqRspKyHq1sxuQ5yMKqjfGp18udABlgUz_Jp0&_nc_ohc=2ulN3WPq6F8Q7kNvwHcmnw4&_nc_gid=pzQDiiegWry64tpganJgzA&edm=APs17CUBAAAA&ccb=7-5&oh=00_AffHAgto4ckK9NLUtwrmzvf7BMG3sDG1YxkvToQwSNE_LA&oe=68EDBC45&_nc_sid=10d13b","https://scontent-lga3-3.cdninstagram.com/v/t51.2885-15/561923018_18536873599007590_7250712411154198198_n.heic?stp=dst-jpg_e35_p1080x1080_sh0.08_tt6&_nc_ht=scontent-lga3-3.cdninstagram.com&_nc_cat=110&_nc_oc=Q6cZ2QG1BhJ_m0S884NmxotCDeyG_ZtjPoQqRspKyHq1sxuQ5yMKqjfGp18udABlgUz_Jp0&_nc_ohc=SFL2wcabn4AQ7kNvwExjaT4&_nc_gid=pzQDiiegWry64tpganJgzA&edm=APs17CUBAAAA&ccb=7-5&oh=00_AffTX0YDD4tCNMZihwqkZfif1xC4i8hKOCq1A-w8FbRkxA&oe=68EDC5BA&_nc_sid=10d13b","https://scontent-lga3-3.cdninstagram.com/v/t51.2885-15/561934132_18536873611007590_5532436716645479838_n.heic?stp=dst-jpg_e35_p1080x1080_sh0.08_tt6&_nc_ht=scontent-lga3-3.cdninstagram.com&_nc_cat=110&_nc_oc=Q6cZ2QG1BhJ_m0S884NmxotCDeyG_ZtjPoQqRspKyHq1sxuQ5yMKqjfGp18udABlgUz_Jp0&_nc_ohc=aB0aU28MaMEQ7kNvwGubvQq&_nc_gid=pzQDiiegWry64tpganJgzA&edm=APs17CUBAAAA&ccb=7-5&oh=00_Afe4hxjTYb-jrVbqIbHDYBYVLO70m8RLYwEmaw4us7LXng&oe=68EDD59A&_nc_sid=10d13b","https://scontent-lga3-3.cdninstagram.com/v/t51.2885-15/560558519_18536873620007590_257807061131309110_n.heic?stp=dst-jpg_e35_p1080x1080_sh0.08_tt6&_nc_ht=scontent-lga3-3.cdninstagram.com&_nc_cat=110&_nc_oc=Q6cZ2QG1BhJ_m0S884NmxotCDeyG_ZtjPoQqRspKyHq1sxuQ5yMKqjfGp18udABlgUz_Jp0&_nc_ohc=qwsI-rE0Yn0Q7kNvwHmpKp2&_nc_gid=pzQDiiegWry64tpganJgzA&edm=APs17CUBAAAA&ccb=7-5&oh=00_AffUXacbkwl9By9gE7m5RTqx6kB0lQaKqZPZBlLBD4C5Qg&oe=68EDAF20&_nc_sid=10d13b","https://scontent-lga3-3.cdninstagram.com/v/t51.2885-15/561987738_18536873629007590_643484891773716025_n.heic?stp=dst-jpg_e35_p1080x1080_sh0.08_tt6&_nc_ht=scontent-lga3-3.cdninstagram.com&_nc_cat=110&_nc_oc=Q6cZ2QG1BhJ_m0S884NmxotCDeyG_ZtjPoQqRspKyHq1sxuQ5yMKqjfGp18udABlgUz_Jp0&_nc_ohc=oZlTSGtP1Q0Q7kNvwGroJEQ&_nc_gid=pzQDiiegWry64tpganJgzA&edm=APs17CUBAAAA&ccb=7-5&oh=00_AfeZLwiznC7h1Zl3uBxqAPnSB1HT3Ivx0B5_pYtaTlQjtQ&oe=68EDB1ED&_nc_sid=10d13b","https://scontent-lga3-3.cdninstagram.com/v/t51.2885-15/560041625_18536873650007590_1688130766522315310_n.heic?stp=dst-jpg_e35_p1080x1080_sh0.08_tt6&_nc_ht=scontent-lga3-3.cdninstagram.com&_nc_cat=110&_nc_oc=Q6cZ2QG1BhJ_m0S884NmxotCDeyG_ZtjPoQqRspKyHq1sxuQ5yMKqjfGp18udABlgUz_Jp0&_nc_ohc=2rYhinGF3JAQ7kNvwFYCu1R&_nc_gid=pzQDiiegWry64tpganJgzA&edm=APs17CUBAAAA&ccb=7-5&oh=00_AfcUIGTbC9z88Lr_yzZISTDsO-LVKDCaiD40amNVg9tsBg&oe=68EDCE11&_nc_sid=10d13b","https://scontent-lga3-3.cdninstagram.com/v/t51.2885-15/560514352_18536873659007590_8717926790643829369_n.heic?stp=dst-jpg_e35_p1080x1080_sh0.08_tt6&_nc_ht=scontent-lga3-3.cdninstagram.com&_nc_cat=110&_nc_oc=Q6cZ2QG1BhJ_m0S884NmxotCDeyG_ZtjPoQqRspKyHq1sxuQ5yMKqjfGp18udABlgUz_Jp0&_nc_ohc=WFRIFUF7OR4Q7kNvwEUC5ph&_nc_gid=pzQDiiegWry64tpganJgzA&edm=APs17CUBAAAA&ccb=7-5&oh=00_AffSTtpGG8C2I6dk48GsMHHvseY-rId0DGTwjv0pICU-iQ&oe=68EDD012&_nc_sid=10d13b","https://scontent-lga3-3.cdninstagram.com/v/t51.2885-15/562961495_18536873668007590_1067461292474011644_n.heic?stp=dst-jpg_e35_p1080x1080_sh0.08_tt6&_nc_ht=scontent-lga3-3.cdninstagram.com&_nc_cat=110&_nc_oc=Q6cZ2QG1BhJ_m0S884NmxotCDeyG_ZtjPoQqRspKyHq1sxuQ5yMKqjfGp18udABlgUz_Jp0&_nc_ohc=OfF924JnZ10Q7kNvwGzN-wQ&_nc_gid=pzQDiiegWry64tpganJgzA&edm=APs17CUBAAAA&ccb=7-5&oh=00_AfekId1PdIQwPU8RCidfKUQUbVRbUc9WYsq14ahj8J_OQQ&oe=68EDA99E&_nc_sid=10d13b"
