"caption","commentsCount","likesCount","type","videoViewCount","timestamp","images/0","images/1","images/2","images/3","images/4","images/5","images/6","images/7","images/8","images/9","images/10","images/11","images/12"
"Team Nobita always🤓

Nobita | Shizuka | Dekisugi | Doraemon | Trending | Nobita Gang","154","11666","Sidecar",,"2025-10-09T11:29:47.000Z","https://scontent-atl3-2.cdninstagram.com/v/t51.2885-15/562204567_18534970771048578_3269906430665923987_n.jpg?stp=dst-jpg_e15_fr_p1080x1080_tt6&_nc_ht=scontent-atl3-2.cdninstagram.com&_nc_cat=1&_nc_oc=Q6cZ2QG16WXGUhdECWOUPzQtQ0Y0w3amsGoMVlnGYvg6CMlNusU_S-IED-Z5086Ab5yKn30&_nc_ohc=3OOumkZaJFAQ7kNvwF49C_4&_nc_gid=FCG5jMMkeqUZR8fideElcA&edm=APs17CUBAAAA&ccb=7-5&oh=00_AfdWiWUgf3iC_brbsioiHzFOXSGUlu5bubSELLwX_hBnqQ&oe=68EDC2C3&_nc_sid=10d13b","https://scontent-atl3-2.cdninstagram.com/v/t51.2885-15/561757081_18534970789048578_6463799850029610843_n.jpg?stp=dst-jpg_e15_tt6&_nc_ht=scontent-atl3-2.cdninstagram.com&_nc_cat=1&_nc_oc=Q6cZ2QG16WXGUhdECWOUPzQtQ0Y0w3amsGoMVlnGYvg6CMlNusU_S-IED-Z5086Ab5yKn30&_nc_ohc=acuK3yD0R7kQ7kNvwGcV7vU&_nc_gid=FCG5jMMkeqUZR8fideElcA&edm=APs17CUBAAAA&ccb=7-5&oh=00_AfciXzOeXqkRWGNgK85oJqFsV5F2QpvVmfaj8rt59nufng&oe=68EDCA2B&_nc_sid=10d13b","https://scontent-atl3-2.cdninstagram.com/v/t51.2885-15/563473369_18534970831048578_7576026758281211239_n.jpg?stp=dst-jpg_e15_tt6&_nc_ht=scontent-atl3-2.cdninstagram.com&_nc_cat=1&_nc_oc=Q6cZ2QG16WXGUhdECWOUPzQtQ0Y0w3amsGoMVlnGYvg6CMlNusU_S-IED-Z5086Ab5yKn30&_nc_ohc=vnh4L1ymMwoQ7kNvwGGQdG2&_nc_gid=FCG5jMMkeqUZR8fideElcA&edm=APs17CUBAAAA&ccb=7-5&oh=00_Afe_j4lMkYKXcsdT88X08TxAlN5zRzTPand6eFFTceHm9A&oe=68EDBDE7&_nc_sid=10d13b","https://scontent-atl3-1.cdninstagram.com/v/t51.2885-15/561801242_18534970858048578_3704687848706054796_n.jpg?stp=dst-jpg_e15_tt6&_nc_ht=scontent-atl3-1.cdninstagram.com&_nc_cat=106&_nc_oc=Q6cZ2QG16WXGUhdECWOUPzQtQ0Y0w3amsGoMVlnGYvg6CMlNusU_S-IED-Z5086Ab5yKn30&_nc_ohc=xg1feo9vthAQ7kNvwFqDpfC&_nc_gid=FCG5jMMkeqUZR8fideElcA&edm=APs17CUBAAAA&ccb=7-5&oh=00_Afeapy5-2J-Z69Nw1NoDW4oEqAm87YbIlsvOqpob0l6ngQ&oe=68EDABA8&_nc_sid=10d13b","https://scontent-atl3-1.cdninstagram.com/v/t51.2885-15/560718689_18534970867048578_2907706459600526913_n.jpg?stp=dst-jpg_e15_tt6&_nc_ht=scontent-atl3-1.cdninstagram.com&_nc_cat=106&_nc_oc=Q6cZ2QG16WXGUhdECWOUPzQtQ0Y0w3amsGoMVlnGYvg6CMlNusU_S-IED-Z5086Ab5yKn30&_nc_ohc=E8AgBCc5bmcQ7kNvwGW-Jzb&_nc_gid=FCG5jMMkeqUZR8fideElcA&edm=APs17CUBAAAA&ccb=7-5&oh=00_Afc_IGMLEE8haTOmELT7BeghOIi1V82QyDDjaT1Sm00bZQ&oe=68EDAC7D&_nc_sid=10d13b","https://scontent-atl3-1.cdninstagram.com/v/t51.2885-15/562520092_18534970903048578_2513222815058344048_n.jpg?stp=dst-jpg_e15_tt6&_nc_ht=scontent-atl3-1.cdninstagram.com&_nc_cat=106&_nc_oc=Q6cZ2QG16WXGUhdECWOUPzQtQ0Y0w3amsGoMVlnGYvg6CMlNusU_S-IED-Z5086Ab5yKn30&_nc_ohc=8UfzcuX3unEQ7kNvwFMW6OX&_nc_gid=FCG5jMMkeqUZR8fideElcA&edm=APs17CUBAAAA&ccb=7-5&oh=00_AfdG3azddcALK4WKBrMsWYIE-ZFXOR7cm2sqpRBqsknOUw&oe=68EDAE7A&_nc_sid=10d13b","https://scontent-atl3-1.cdninstagram.com/v/t51.2885-15/560755812_18534970924048578_1753880881669703778_n.jpg?stp=dst-jpg_e15_tt6&_nc_ht=scontent-atl3-1.cdninstagram.com&_nc_cat=106&_nc_oc=Q6cZ2QG16WXGUhdECWOUPzQtQ0Y0w3amsGoMVlnGYvg6CMlNusU_S-IED-Z5086Ab5yKn30&_nc_ohc=42Exdy-LlD8Q7kNvwEFpceQ&_nc_gid=FCG5jMMkeqUZR8fideElcA&edm=APs17CUBAAAA&ccb=7-5&oh=00_AfdiN1-SAPpyzfLRvaSdKjF9xM8xp4MhZvK-IA-LNwzNZQ&oe=68EDACFD&_nc_sid=10d13b","https://scontent-atl3-1.cdninstagram.com/v/t51.2885-15/560373862_18534970939048578_5786850645689348958_n.jpg?stp=dst-jpg_e15_tt6&_nc_ht=scontent-atl3-1.cdninstagram.com&_nc_cat=106&_nc_oc=Q6cZ2QG16WXGUhdECWOUPzQtQ0Y0w3amsGoMVlnGYvg6CMlNusU_S-IED-Z5086Ab5yKn30&_nc_ohc=9jHp3WV2fsQQ7kNvwEnKABx&_nc_gid=FCG5jMMkeqUZR8fideElcA&edm=APs17CUBAAAA&ccb=7-5&oh=00_AfdBoPThLv6cA-iIVLCl2fmM-UfDMwDTms480XQHAT33Pw&oe=68EDB0F2&_nc_sid=10d13b","https://scontent-atl3-1.cdninstagram.com/v/t51.2885-15/562386637_18534970951048578_4209481933390150640_n.jpg?stp=dst-jpg_e15_tt6&_nc_ht=scontent-atl3-1.cdninstagram.com&_nc_cat=106&_nc_oc=Q6cZ2QG16WXGUhdECWOUPzQtQ0Y0w3amsGoMVlnGYvg6CMlNusU_S-IED-Z5086Ab5yKn30&_nc_ohc=zz4niHWNH-wQ7kNvwG8s0yh&_nc_gid=FCG5jMMkeqUZR8fideElcA&edm=APs17CUBAAAA&ccb=7-5&oh=00_AfdF3SXvdrTDmp-8Y5XbrLxxbY4h4lguCQCK6t-q9wzHmQ&oe=68EDD120&_nc_sid=10d13b","https://scontent-atl3-1.cdninstagram.com/v/t51.2885-15/560369991_18534970975048578_3863707309255453832_n.jpg?stp=dst-jpg_e15_tt6&_nc_ht=scontent-atl3-1.cdninstagram.com&_nc_cat=106&_nc_oc=Q6cZ2QG16WXGUhdECWOUPzQtQ0Y0w3amsGoMVlnGYvg6CMlNusU_S-IED-Z5086Ab5yKn30&_nc_ohc=529jztoYVvIQ7kNvwHtHWL-&_nc_gid=FCG5jMMkeqUZR8fideElcA&edm=APs17CUBAAAA&ccb=7-5&oh=00_AffdMYt8B_rQsxSmZ-slIl6l2attpy2H-ZGI4ubbD-kawg&oe=68EDBF7D&_nc_sid=10d13b",,,
"PS5 PS5 PS5

Instagram | Microphone | Privacy Policy | Invasion of Privacy | Instagram Ads","55","6958","Sidecar",,"2025-10-08T07:12:02.000Z","https://instagram.fhsv1-1.fna.fbcdn.net/v/t51.2885-15/560214182_18534715315048578_1456628071530701658_n.jpg?stp=dst-jpg_e15_fr_p1080x1080_tt6&_nc_ht=instagram.fhsv1-1.fna.fbcdn.net&_nc_cat=106&_nc_oc=Q6cZ2QEAtmdG3HbLl60SEIq8Urabkb_ibSz7o4EefeftZcm2jhCGTmLdiAeo4yby4CU-Xo4&_nc_ohc=jnfqiV4rUhAQ7kNvwHfKPTE&_nc_gid=-xUsZD2Q6YusPplpMlA_gQ&edm=APs17CUBAAAA&ccb=7-5&oh=00_AfcfAXZjOgvsPEOrUe0A_2i7zon68jf2SWJqGzTsxsA33A&oe=68EDB0FE&_nc_sid=10d13b","https://instagram.fhsv1-1.fna.fbcdn.net/v/t51.2885-15/562086688_18534715336048578_4327189700622102029_n.jpg?stp=dst-jpg_e15_fr_p1080x1080_tt6&_nc_ht=instagram.fhsv1-1.fna.fbcdn.net&_nc_cat=106&_nc_oc=Q6cZ2QEAtmdG3HbLl60SEIq8Urabkb_ibSz7o4EefeftZcm2jhCGTmLdiAeo4yby4CU-Xo4&_nc_ohc=qqxiJTklq4cQ7kNvwF0QBa_&_nc_gid=-xUsZD2Q6YusPplpMlA_gQ&edm=APs17CUBAAAA&ccb=7-5&oh=00_Afe6FTMz1CfmMah6nXHdK08TnjIcWjg_wOJ2lJRLDa-yJQ&oe=68EDC69E&_nc_sid=10d13b","https://instagram.fhsv1-1.fna.fbcdn.net/v/t51.2885-15/560604664_18534715339048578_5168553559785303463_n.jpg?stp=dst-jpg_e15_fr_p1080x1080_tt6&_nc_ht=instagram.fhsv1-1.fna.fbcdn.net&_nc_cat=106&_nc_oc=Q6cZ2QEAtmdG3HbLl60SEIq8Urabkb_ibSz7o4EefeftZcm2jhCGTmLdiAeo4yby4CU-Xo4&_nc_ohc=FCiFLLAxpMgQ7kNvwG3rbc-&_nc_gid=-xUsZD2Q6YusPplpMlA_gQ&edm=APs17CUBAAAA&ccb=7-5&oh=00_AffvPcCj8B1TInCM8PdplzthtJEbLfmn5NN3sVE8_nGRWw&oe=68EDC74F&_nc_sid=10d13b","https://instagram.fhsv1-1.fna.fbcdn.net/v/t51.2885-15/560490917_18534715369048578_2602762258592736056_n.jpg?stp=dst-jpg_e15_tt6&_nc_ht=instagram.fhsv1-1.fna.fbcdn.net&_nc_cat=106&_nc_oc=Q6cZ2QEAtmdG3HbLl60SEIq8Urabkb_ibSz7o4EefeftZcm2jhCGTmLdiAeo4yby4CU-Xo4&_nc_ohc=gi4ZSPQ6gaYQ7kNvwGv-vz8&_nc_gid=-xUsZD2Q6YusPplpMlA_gQ&edm=APs17CUBAAAA&ccb=7-5&oh=00_AfcmX-yLKxdDKNKPl4-uWwOdzH_KzcR2qDsSpjaaPte73w&oe=68EDA6B2&_nc_sid=10d13b","https://instagram.fhsv1-1.fna.fbcdn.net/v/t51.2885-15/561184070_18534715342048578_4318300776586090509_n.jpg?stp=dst-jpg_e15_fr_p1080x1080_tt6&_nc_ht=instagram.fhsv1-1.fna.fbcdn.net&_nc_cat=106&_nc_oc=Q6cZ2QEAtmdG3HbLl60SEIq8Urabkb_ibSz7o4EefeftZcm2jhCGTmLdiAeo4yby4CU-Xo4&_nc_ohc=5kiWuuD7dmMQ7kNvwHINqCr&_nc_gid=-xUsZD2Q6YusPplpMlA_gQ&edm=APs17CUBAAAA&ccb=7-5&oh=00_Afd0D8sVPrVcAczPMNuxEfFbvmb0rlarkHNskY5377bynw&oe=68EDAC26&_nc_sid=10d13b","https://instagram.fhsv1-1.fna.fbcdn.net/v/t51.2885-15/561652968_18534715378048578_4590195605913866333_n.jpg?stp=dst-jpg_e15_tt6&_nc_ht=instagram.fhsv1-1.fna.fbcdn.net&_nc_cat=106&_nc_oc=Q6cZ2QEAtmdG3HbLl60SEIq8Urabkb_ibSz7o4EefeftZcm2jhCGTmLdiAeo4yby4CU-Xo4&_nc_ohc=uJJ5mTzzzQMQ7kNvwGtDJ7l&_nc_gid=-xUsZD2Q6YusPplpMlA_gQ&edm=APs17CUBAAAA&ccb=7-5&oh=00_Aff8_839b5dg-t1C0J-Xfnc9_9YzlXQ6Kl677l5Vec4ryQ&oe=68EDAE57&_nc_sid=10d13b","https://instagram.fhsv1-1.fna.fbcdn.net/v/t51.2885-15/560524901_18534715351048578_5771542351689291742_n.jpg?stp=dst-jpg_e15_fr_p1080x1080_tt6&_nc_ht=instagram.fhsv1-1.fna.fbcdn.net&_nc_cat=106&_nc_oc=Q6cZ2QEAtmdG3HbLl60SEIq8Urabkb_ibSz7o4EefeftZcm2jhCGTmLdiAeo4yby4CU-Xo4&_nc_ohc=O4Uz22beYDwQ7kNvwES-gIa&_nc_gid=-xUsZD2Q6YusPplpMlA_gQ&edm=APs17CUBAAAA&ccb=7-5&oh=00_AffdbLYinBtahdjwK7zFv8dTfgJk5xdqO75E-estTF2fAw&oe=68EDAC8B&_nc_sid=10d13b",,,,,,
"Another position of power misused.

Bengaluru | Harassment | Crimes against women |","82","-1","Sidecar",,"2025-10-08T09:10:02.000Z","https://scontent-ord5-1.cdninstagram.com/v/t51.2885-15/560574623_18534741781048578_3611008478519429888_n.jpg?stp=dst-jpg_e15_fr_p1080x1080_tt6&_nc_ht=scontent-ord5-1.cdninstagram.com&_nc_cat=106&_nc_oc=Q6cZ2QEKHX4g6yz8_3MfvDomaOp_0SU3kIuuVwb_2cDmxSjje8bzGFYMY0rlz6-W_kXJufIH0nDf3IeLM7y39fbgbgsl&_nc_ohc=zCiGK-9LEfsQ7kNvwHbf6dv&_nc_gid=qIyhmd1f50LVHBscCoG3mA&edm=APs17CUBAAAA&ccb=7-5&oh=00_Afdpv3dLMlnOPjKGEY1_ojZM2_Wt-hZI5_OjuSdpP_ZYuA&oe=68EDA585&_nc_sid=10d13b","https://scontent-ord5-1.cdninstagram.com/v/t51.2885-15/562176341_18534741790048578_5370610348168809694_n.jpg?stp=dst-jpg_e15_fr_p1080x1080_tt6&_nc_ht=scontent-ord5-1.cdninstagram.com&_nc_cat=106&_nc_oc=Q6cZ2QEKHX4g6yz8_3MfvDomaOp_0SU3kIuuVwb_2cDmxSjje8bzGFYMY0rlz6-W_kXJufIH0nDf3IeLM7y39fbgbgsl&_nc_ohc=owT4BQiGMRUQ7kNvwGwBRCP&_nc_gid=qIyhmd1f50LVHBscCoG3mA&edm=APs17CUBAAAA&ccb=7-5&oh=00_AfepreW7mdy5f9DO7iqz5-2pB0zvQLcYAGQSfTu4D_yNVw&oe=68EDB285&_nc_sid=10d13b","https://scontent-ord5-1.cdninstagram.com/v/t51.2885-15/561358843_18534741799048578_2467033681194509441_n.jpg?stp=dst-jpg_e15_fr_p1080x1080_tt6&_nc_ht=scontent-ord5-1.cdninstagram.com&_nc_cat=106&_nc_oc=Q6cZ2QEKHX4g6yz8_3MfvDomaOp_0SU3kIuuVwb_2cDmxSjje8bzGFYMY0rlz6-W_kXJufIH0nDf3IeLM7y39fbgbgsl&_nc_ohc=emSTz8GQ4N0Q7kNvwHIbDrL&_nc_gid=qIyhmd1f50LVHBscCoG3mA&edm=APs17CUBAAAA&ccb=7-5&oh=00_Afdejd35Dr0-KirwgkTTSp_gkFUN45QsUz5O_Pfgujg2_w&oe=68EDB839&_nc_sid=10d13b","https://scontent-ord5-1.cdninstagram.com/v/t51.2885-15/559696045_18534741826048578_1477547455233331924_n.jpg?stp=dst-jpg_e15_fr_p1080x1080_tt6&_nc_ht=scontent-ord5-1.cdninstagram.com&_nc_cat=106&_nc_oc=Q6cZ2QEKHX4g6yz8_3MfvDomaOp_0SU3kIuuVwb_2cDmxSjje8bzGFYMY0rlz6-W_kXJufIH0nDf3IeLM7y39fbgbgsl&_nc_ohc=C7faXzDQuzkQ7kNvwEIIM-s&_nc_gid=qIyhmd1f50LVHBscCoG3mA&edm=APs17CUBAAAA&ccb=7-5&oh=00_AffAQUYGQKAiOJ9BGwYhQqxgjz3mh_sTX3eaBelXt2X3YA&oe=68EDAC75&_nc_sid=10d13b","https://scontent-ord5-1.cdninstagram.com/v/t51.2885-15/560546076_18534741808048578_5622195282618726072_n.jpg?stp=dst-jpg_e15_fr_p1080x1080_tt6&_nc_ht=scontent-ord5-1.cdninstagram.com&_nc_cat=106&_nc_oc=Q6cZ2QEKHX4g6yz8_3MfvDomaOp_0SU3kIuuVwb_2cDmxSjje8bzGFYMY0rlz6-W_kXJufIH0nDf3IeLM7y39fbgbgsl&_nc_ohc=C3HBXIKfrkAQ7kNvwHvVDLv&_nc_gid=qIyhmd1f50LVHBscCoG3mA&edm=APs17CUBAAAA&ccb=7-5&oh=00_AffdtN1UyZjHgqmnf_jH9I_wPtql2CC6UQ3OOirxTjFZfg&oe=68EDBB1B&_nc_sid=10d13b","https://scontent-ord5-1.cdninstagram.com/v/t51.2885-15/560376661_18534741823048578_5908999766694736740_n.jpg?stp=dst-jpg_e15_fr_p1080x1080_tt6&_nc_ht=scontent-ord5-1.cdninstagram.com&_nc_cat=106&_nc_oc=Q6cZ2QEKHX4g6yz8_3MfvDomaOp_0SU3kIuuVwb_2cDmxSjje8bzGFYMY0rlz6-W_kXJufIH0nDf3IeLM7y39fbgbgsl&_nc_ohc=R7NSamv6HaEQ7kNvwFV-Wrk&_nc_gid=qIyhmd1f50LVHBscCoG3mA&edm=APs17CUBAAAA&ccb=7-5&oh=00_AffxfGY7tO9YIq15VarZh97dCI05K2TgYa9UwkrxBMcZMg&oe=68EDD28A&_nc_sid=10d13b","https://scontent-ord5-1.cdninstagram.com/v/t51.2885-15/561176387_18534741835048578_2761237538683396087_n.jpg?stp=dst-jpg_e15_fr_p1080x1080_tt6&_nc_ht=scontent-ord5-1.cdninstagram.com&_nc_cat=106&_nc_oc=Q6cZ2QEKHX4g6yz8_3MfvDomaOp_0SU3kIuuVwb_2cDmxSjje8bzGFYMY0rlz6-W_kXJufIH0nDf3IeLM7y39fbgbgsl&_nc_ohc=w47SQUnejR4Q7kNvwHJB1qZ&_nc_gid=qIyhmd1f50LVHBscCoG3mA&edm=APs17CUBAAAA&ccb=7-5&oh=00_Afe8-moL_hLi7qg8s-wEOKPeqqL0W9s04XqUotF2KS9pfA&oe=68EDAB77&_nc_sid=10d13b","https://scontent-ord5-1.cdninstagram.com/v/t51.2885-15/560631696_18534741844048578_3810259083108089627_n.jpg?stp=dst-jpg_e15_fr_p1080x1080_tt6&_nc_ht=scontent-ord5-1.cdninstagram.com&_nc_cat=106&_nc_oc=Q6cZ2QEKHX4g6yz8_3MfvDomaOp_0SU3kIuuVwb_2cDmxSjje8bzGFYMY0rlz6-W_kXJufIH0nDf3IeLM7y39fbgbgsl&_nc_ohc=9lYxU2DaX5EQ7kNvwHMVgJb&_nc_gid=qIyhmd1f50LVHBscCoG3mA&edm=APs17CUBAAAA&ccb=7-5&oh=00_AfcH1CqOUlvO8LVdNlyrfvUZbJNBPqu-7TavGEg1R9tmSg&oe=68EDA9B0&_nc_sid=10d13b","https://scontent-ord5-1.cdninstagram.com/v/t51.2885-15/562631596_18534741853048578_1242257290252360287_n.jpg?stp=dst-jpg_e15_fr_p1080x1080_tt6&_nc_ht=scontent-ord5-1.cdninstagram.com&_nc_cat=106&_nc_oc=Q6cZ2QEKHX4g6yz8_3MfvDomaOp_0SU3kIuuVwb_2cDmxSjje8bzGFYMY0rlz6-W_kXJufIH0nDf3IeLM7y39fbgbgsl&_nc_ohc=AhGr9Uy5sGcQ7kNvwFxJxAu&_nc_gid=qIyhmd1f50LVHBscCoG3mA&edm=APs17CUBAAAA&ccb=7-5&oh=00_AffNNX3cQdhRknc2wMVz8_Fk4cLL2xneGJgYdteFkm7fHQ&oe=68EDC90E&_nc_sid=10d13b","https://scontent-ord5-1.cdninstagram.com/v/t51.2885-15/561309824_18534741862048578_5686743078205039908_n.jpg?stp=dst-jpg_e15_fr_p1080x1080_tt6&_nc_ht=scontent-ord5-1.cdninstagram.com&_nc_cat=106&_nc_oc=Q6cZ2QEKHX4g6yz8_3MfvDomaOp_0SU3kIuuVwb_2cDmxSjje8bzGFYMY0rlz6-W_kXJufIH0nDf3IeLM7y39fbgbgsl&_nc_ohc=t5YpHaWnHiQQ7kNvwGPglUm&_nc_gid=qIyhmd1f50LVHBscCoG3mA&edm=APs17CUBAAAA&ccb=7-5&oh=00_AfeO5m192Uugi0mL_q8Jauo3B0o2_1edjV4TwANzINy-hQ&oe=68EDC09A&_nc_sid=10d13b",,,
"New updates emerge on the Bengaluru harassment case.

Bengaluru | Teacher harassment |","33","-1","Sidecar",,"2025-10-09T14:15:18.000Z","https://scontent-ord5-2.cdninstagram.com/v/t51.2885-15/561543590_18534996142048578_8517305183620140740_n.jpg?stp=dst-jpg_e15_tt6&_nc_ht=scontent-ord5-2.cdninstagram.com&_nc_cat=1&_nc_oc=Q6cZ2QFGaRQtTPhXkuDRsW8JQP44lFf8rFOb8s-EGija0h0kf6A-b6qO7BKRQG6ZX0d8ngQ&_nc_ohc=QA-pIEzh_K8Q7kNvwHJsb_H&_nc_gid=Sq5r9_KXVCrGw5sfCp_CzQ&edm=APs17CUBAAAA&ccb=7-5&oh=00_Afd1qthPs8wFv5oMSWBS00oB1Y4Tzll4PS0GN3tmApb2Og&oe=68EDD1B8&_nc_sid=10d13b","https://scontent-ord5-2.cdninstagram.com/v/t51.2885-15/560451530_18534996058048578_8049676761818268688_n.jpg?stp=dst-jpg_e15_fr_p1080x1080_tt6&_nc_ht=scontent-ord5-2.cdninstagram.com&_nc_cat=1&_nc_oc=Q6cZ2QFGaRQtTPhXkuDRsW8JQP44lFf8rFOb8s-EGija0h0kf6A-b6qO7BKRQG6ZX0d8ngQ&_nc_ohc=uyeUCGVRVf4Q7kNvwHTffGx&_nc_gid=Sq5r9_KXVCrGw5sfCp_CzQ&edm=APs17CUBAAAA&ccb=7-5&oh=00_AfcImtgVAsJ0H9LHoS_p-kArKc8hTY_4iJJpwfrOOgUcPA&oe=68EDD0FF&_nc_sid=10d13b","https://scontent-ord5-2.cdninstagram.com/v/t51.2885-15/561332338_18534996055048578_7899753560498851534_n.jpg?stp=dst-jpg_e15_fr_p1080x1080_tt6&_nc_ht=scontent-ord5-2.cdninstagram.com&_nc_cat=1&_nc_oc=Q6cZ2QFGaRQtTPhXkuDRsW8JQP44lFf8rFOb8s-EGija0h0kf6A-b6qO7BKRQG6ZX0d8ngQ&_nc_ohc=Dmxj8ZwvLEoQ7kNvwFMou_j&_nc_gid=Sq5r9_KXVCrGw5sfCp_CzQ&edm=APs17CUBAAAA&ccb=7-5&oh=00_AfcYGa-LHKJ1FI_9_e3UQRjwOk59h93e4nON1j3Wf85kXw&oe=68EDA710&_nc_sid=10d13b","https://scontent-ord5-1.cdninstagram.com/v/t51.2885-15/562322641_18534996139048578_7363447389025745850_n.jpg?stp=dst-jpg_e15_tt6&_nc_ht=scontent-ord5-1.cdninstagram.com&_nc_cat=106&_nc_oc=Q6cZ2QFGaRQtTPhXkuDRsW8JQP44lFf8rFOb8s-EGija0h0kf6A-b6qO7BKRQG6ZX0d8ngQ&_nc_ohc=GMUHMSNts9QQ7kNvwGaDnjF&_nc_gid=Sq5r9_KXVCrGw5sfCp_CzQ&edm=APs17CUBAAAA&ccb=7-5&oh=00_AfeTuokn5VmUPSAoa_phXD0sBy5rhDZz_jiJT9V7ux-vdw&oe=68EDB04F&_nc_sid=10d13b","https://scontent-ord5-1.cdninstagram.com/v/t51.2885-15/561773069_18534996166048578_8866126804982779861_n.jpg?stp=dst-jpg_e15_tt6&_nc_ht=scontent-ord5-1.cdninstagram.com&_nc_cat=106&_nc_oc=Q6cZ2QFGaRQtTPhXkuDRsW8JQP44lFf8rFOb8s-EGija0h0kf6A-b6qO7BKRQG6ZX0d8ngQ&_nc_ohc=oPunkl79p3wQ7kNvwFIDbfT&_nc_gid=Sq5r9_KXVCrGw5sfCp_CzQ&edm=APs17CUBAAAA&ccb=7-5&oh=00_AffcfWIHlwk6yfHeilRvG5tyJFdyPo3hN0UQv25Q4gzt7A&oe=68EDC872&_nc_sid=10d13b","https://scontent-ord5-1.cdninstagram.com/v/t51.2885-15/563606078_18534996067048578_3670708300750576484_n.jpg?stp=dst-jpg_e15_fr_p1080x1080_tt6&_nc_ht=scontent-ord5-1.cdninstagram.com&_nc_cat=106&_nc_oc=Q6cZ2QFGaRQtTPhXkuDRsW8JQP44lFf8rFOb8s-EGija0h0kf6A-b6qO7BKRQG6ZX0d8ngQ&_nc_ohc=WotITyf5UeoQ7kNvwGN14l5&_nc_gid=Sq5r9_KXVCrGw5sfCp_CzQ&edm=APs17CUBAAAA&ccb=7-5&oh=00_Afd3wOVOGfSvUHAbXauIvxGw66o3kVklPXdalG1LYbYzGQ&oe=68EDCC0A&_nc_sid=10d13b","https://scontent-ord5-1.cdninstagram.com/v/t51.2885-15/561144816_18534996082048578_290716624501897017_n.jpg?stp=dst-jpg_e15_fr_p1080x1080_tt6&_nc_ht=scontent-ord5-1.cdninstagram.com&_nc_cat=106&_nc_oc=Q6cZ2QFGaRQtTPhXkuDRsW8JQP44lFf8rFOb8s-EGija0h0kf6A-b6qO7BKRQG6ZX0d8ngQ&_nc_ohc=k7eoOrSvoPoQ7kNvwHP29Rn&_nc_gid=Sq5r9_KXVCrGw5sfCp_CzQ&edm=APs17CUBAAAA&ccb=7-5&oh=00_AffngDWF2dNjU777LjNuUbQ7ELXsMlBmDnIkn7kVfNg2Tg&oe=68EDAED7&_nc_sid=10d13b","https://scontent-ord5-1.cdninstagram.com/v/t51.2885-15/562849191_18534996085048578_23349645722380261_n.jpg?stp=dst-jpg_e15_fr_p1080x1080_tt6&_nc_ht=scontent-ord5-1.cdninstagram.com&_nc_cat=106&_nc_oc=Q6cZ2QFGaRQtTPhXkuDRsW8JQP44lFf8rFOb8s-EGija0h0kf6A-b6qO7BKRQG6ZX0d8ngQ&_nc_ohc=r77H95jxY0cQ7kNvwEUm6bp&_nc_gid=Sq5r9_KXVCrGw5sfCp_CzQ&edm=APs17CUBAAAA&ccb=7-5&oh=00_AfcNG4FeM05Ujab-LD-WSMjWlf1-XBF02ff-xXpOU79g7Q&oe=68EDB80C&_nc_sid=10d13b","https://scontent-ord5-1.cdninstagram.com/v/t51.2885-15/561615352_18534996100048578_4403877364512956753_n.jpg?stp=dst-jpg_e15_fr_p1080x1080_tt6&_nc_ht=scontent-ord5-1.cdninstagram.com&_nc_cat=106&_nc_oc=Q6cZ2QFGaRQtTPhXkuDRsW8JQP44lFf8rFOb8s-EGija0h0kf6A-b6qO7BKRQG6ZX0d8ngQ&_nc_ohc=F4eNggRpYMkQ7kNvwGQZb_3&_nc_gid=Sq5r9_KXVCrGw5sfCp_CzQ&edm=APs17CUBAAAA&ccb=7-5&oh=00_Afdb4Uhi1B3_KRSVL61GT4FNehIaMkXXSu_PwYvzQbyE3A&oe=68EDA6E6&_nc_sid=10d13b","https://scontent-ord5-1.cdninstagram.com/v/t51.2885-15/561948134_18534996103048578_8265563088475825149_n.jpg?stp=dst-jpg_e15_fr_p1080x1080_tt6&_nc_ht=scontent-ord5-1.cdninstagram.com&_nc_cat=106&_nc_oc=Q6cZ2QFGaRQtTPhXkuDRsW8JQP44lFf8rFOb8s-EGija0h0kf6A-b6qO7BKRQG6ZX0d8ngQ&_nc_ohc=tx39H1KNywUQ7kNvwE8G4r9&_nc_gid=Sq5r9_KXVCrGw5sfCp_CzQ&edm=APs17CUBAAAA&ccb=7-5&oh=00_AfffSnYl0XJRddR-F92YJ3X8V-D8w8e4LjGVCntZ-1JSOg&oe=68EDBE30&_nc_sid=10d13b",,,
"🗞️🗞️🗞️

#SWBreaking","18","-1","Sidecar",,"2025-10-09T05:13:28.000Z","https://instagram.fluk1-1.fna.fbcdn.net/v/t51.2885-15/560580903_18534939517048578_5210142904185540210_n.jpg?stp=dst-jpg_e15_fr_p1080x1080_tt6&_nc_ht=instagram.fluk1-1.fna.fbcdn.net&_nc_cat=106&_nc_oc=Q6cZ2QEb3eOzcgj9ENAZE0Wyvo8Ig0unvYIgRXymLCSef5vS12G_vwS4pTjL_fpLASiBmNg&_nc_ohc=RS14E5XKC7oQ7kNvwH6q-kv&_nc_gid=TBpixBmGe6Bbs0Ly44GUTQ&edm=APs17CUBAAAA&ccb=7-5&oh=00_AfcUDQwME52s4oZV0fY3B9s1AjLThEC1R2Ip-SsUh_KAtQ&oe=68EDCDBD&_nc_sid=10d13b","https://instagram.fluk1-1.fna.fbcdn.net/v/t51.2885-15/561082125_18534939529048578_1840493663411069322_n.jpg?stp=dst-jpg_e15_fr_p1080x1080_tt6&_nc_ht=instagram.fluk1-1.fna.fbcdn.net&_nc_cat=106&_nc_oc=Q6cZ2QEb3eOzcgj9ENAZE0Wyvo8Ig0unvYIgRXymLCSef5vS12G_vwS4pTjL_fpLASiBmNg&_nc_ohc=H0sUQZIKlFsQ7kNvwGHisZ0&_nc_gid=TBpixBmGe6Bbs0Ly44GUTQ&edm=APs17CUBAAAA&ccb=7-5&oh=00_AffF1iqKI7koEHedIbr-NNcym8c3lDm3A4oVq8tpKVPB6A&oe=68EDBA2A&_nc_sid=10d13b","https://instagram.fluk1-1.fna.fbcdn.net/v/t51.2885-15/562672165_18534939538048578_7781132968705241244_n.jpg?stp=dst-jpg_e15_fr_p1080x1080_tt6&_nc_ht=instagram.fluk1-1.fna.fbcdn.net&_nc_cat=106&_nc_oc=Q6cZ2QEb3eOzcgj9ENAZE0Wyvo8Ig0unvYIgRXymLCSef5vS12G_vwS4pTjL_fpLASiBmNg&_nc_ohc=6G9jDUjVVDUQ7kNvwEiP2eq&_nc_gid=TBpixBmGe6Bbs0Ly44GUTQ&edm=APs17CUBAAAA&ccb=7-5&oh=00_Afeetu2wvyFAZbpL4X3YXX_ec3OLdYUp5bQ0fztmKbDQpg&oe=68EDC756&_nc_sid=10d13b","https://instagram.fluk1-1.fna.fbcdn.net/v/t51.2885-15/561175355_18534939547048578_6926788583809541717_n.jpg?stp=dst-jpg_e15_fr_p1080x1080_tt6&_nc_ht=instagram.fluk1-1.fna.fbcdn.net&_nc_cat=106&_nc_oc=Q6cZ2QEb3eOzcgj9ENAZE0Wyvo8Ig0unvYIgRXymLCSef5vS12G_vwS4pTjL_fpLASiBmNg&_nc_ohc=Osq9XjfQHCkQ7kNvwGf2kK6&_nc_gid=TBpixBmGe6Bbs0Ly44GUTQ&edm=APs17CUBAAAA&ccb=7-5&oh=00_AfdAA2zHq7Ou7LtwVCmSmKwAmx5yTDIbIa6IYE3m6pj6Cg&oe=68EDC2C7&_nc_sid=10d13b","https://instagram.fluk1-1.fna.fbcdn.net/v/t51.2885-15/562590880_18534939574048578_5882159901358601657_n.jpg?stp=dst-jpg_e15_fr_p1080x1080_tt6&_nc_ht=instagram.fluk1-1.fna.fbcdn.net&_nc_cat=106&_nc_oc=Q6cZ2QEb3eOzcgj9ENAZE0Wyvo8Ig0unvYIgRXymLCSef5vS12G_vwS4pTjL_fpLASiBmNg&_nc_ohc=dIEzA3hjFekQ7kNvwEfSqti&_nc_gid=TBpixBmGe6Bbs0Ly44GUTQ&edm=APs17CUBAAAA&ccb=7-5&oh=00_AfecdawcW_KA52AZxXdReEWe9x9wqlxNSBFLGlv3JE9Stw&oe=68EDA87D&_nc_sid=10d13b","https://instagram.fluk1-1.fna.fbcdn.net/v/t51.2885-15/560484882_18534939565048578_5245261602253265835_n.jpg?stp=dst-jpg_e15_fr_p1080x1080_tt6&_nc_ht=instagram.fluk1-1.fna.fbcdn.net&_nc_cat=106&_nc_oc=Q6cZ2QEb3eOzcgj9ENAZE0Wyvo8Ig0unvYIgRXymLCSef5vS12G_vwS4pTjL_fpLASiBmNg&_nc_ohc=fyggDt5SGCsQ7kNvwGYOF7T&_nc_gid=TBpixBmGe6Bbs0Ly44GUTQ&edm=APs17CUBAAAA&ccb=7-5&oh=00_AfcePWDby8PkruQHAJRJe1cFCfFeAi_FAknxmj2Tam3opQ&oe=68EDD457&_nc_sid=10d13b","https://instagram.fluk1-1.fna.fbcdn.net/v/t51.2885-15/562536493_18534939556048578_3948562644914796233_n.jpg?stp=dst-jpg_e15_fr_p1080x1080_tt6&_nc_ht=instagram.fluk1-1.fna.fbcdn.net&_nc_cat=106&_nc_oc=Q6cZ2QEb3eOzcgj9ENAZE0Wyvo8Ig0unvYIgRXymLCSef5vS12G_vwS4pTjL_fpLASiBmNg&_nc_ohc=RaEQ3q084a4Q7kNvwEsa9kD&_nc_gid=TBpixBmGe6Bbs0Ly44GUTQ&edm=APs17CUBAAAA&ccb=7-5&oh=00_Afcj7wAURcickw9iRE8ZVoo36JH3hfLV0wIe4iprucUYVQ&oe=68EDD6DC&_nc_sid=10d13b",,,,,,
"Samay bhai ye kis line mai aa gaye?","8","-1","Sidecar",,"2025-10-08T12:05:50.000Z","https://scontent-ord5-1.cdninstagram.com/v/t51.2885-15/561255014_18534763393048578_2599627352334166218_n.jpg?stp=dst-jpg_e15_fr_p1080x1080_tt6&_nc_ht=scontent-ord5-1.cdninstagram.com&_nc_cat=106&_nc_oc=Q6cZ2QF17-j1w46NmlABCNsXSK2uZMYso690uqtgHxoP2WA-p3QKOT8UKQRsACEJAHavFRs&_nc_ohc=nl3lf4N2TE8Q7kNvwEDEc1U&_nc_gid=w-VnHh-6tPg-epevcmvTFg&edm=APs17CUBAAAA&ccb=7-5&oh=00_AfeJ7TJlCcGEwVzMeiOFFpYB3YxOB854r9bGBK8vIqU8tA&oe=68EDC6D4&_nc_sid=10d13b","https://scontent-ord5-1.cdninstagram.com/v/t51.2885-15/562530935_18534763465048578_8537488362559346379_n.jpg?stp=dst-jpg_e15_tt6&_nc_ht=scontent-ord5-1.cdninstagram.com&_nc_cat=106&_nc_oc=Q6cZ2QF17-j1w46NmlABCNsXSK2uZMYso690uqtgHxoP2WA-p3QKOT8UKQRsACEJAHavFRs&_nc_ohc=Obae2VYKBZkQ7kNvwG02P4X&_nc_gid=w-VnHh-6tPg-epevcmvTFg&edm=APs17CUBAAAA&ccb=7-5&oh=00_Afcmw74iIpVgQyMfwWc8bh_ElDtPkMLa9trvVZAKJFiy9Q&oe=68EDD34A&_nc_sid=10d13b","https://scontent-ord5-1.cdninstagram.com/v/t51.2885-15/560425137_18534763516048578_8043523642254360480_n.jpg?stp=dst-jpg_e15_tt6&_nc_ht=scontent-ord5-1.cdninstagram.com&_nc_cat=106&_nc_oc=Q6cZ2QF17-j1w46NmlABCNsXSK2uZMYso690uqtgHxoP2WA-p3QKOT8UKQRsACEJAHavFRs&_nc_ohc=fb6Kbe4gqroQ7kNvwHY5rn7&_nc_gid=w-VnHh-6tPg-epevcmvTFg&edm=APs17CUBAAAA&ccb=7-5&oh=00_Afc_LJkAPJGaNj9IYm5fCZb1h7vQ-ly3DCR2OXAnExzygw&oe=68EDC623&_nc_sid=10d13b","https://scontent-ord5-1.cdninstagram.com/v/t51.2885-15/560560532_18534763507048578_2444203064559257815_n.jpg?stp=dst-jpg_e15_tt6&_nc_ht=scontent-ord5-1.cdninstagram.com&_nc_cat=106&_nc_oc=Q6cZ2QF17-j1w46NmlABCNsXSK2uZMYso690uqtgHxoP2WA-p3QKOT8UKQRsACEJAHavFRs&_nc_ohc=CAEpqPZDvzwQ7kNvwGioi1y&_nc_gid=w-VnHh-6tPg-epevcmvTFg&edm=APs17CUBAAAA&ccb=7-5&oh=00_AffGWKi2rbbqaLaM-U5SJ99E4gw6gtMK4dwG38AAoOHyMg&oe=68EDC3F4&_nc_sid=10d13b",,,,,,,,,
"🎥🍿🍨🍨🍨

#SWShowbiz","37","-1","Sidecar",,"2025-10-08T16:28:50.000Z","https://scontent-lga3-3.cdninstagram.com/v/t51.2885-15/560459648_18534802810048578_6819416804375496864_n.jpg?stp=dst-jpg_e15_fr_p1080x1080_tt6&_nc_ht=scontent-lga3-3.cdninstagram.com&_nc_cat=106&_nc_oc=Q6cZ2QGIf37BRxX0w524QqyB49djHSNlOBsKqB5fkNQJoyBzT6unL1NVju-8YbBesfUQt2Y&_nc_ohc=mqMWdR9jUJAQ7kNvwEISahK&_nc_gid=7wcdZ6JubxBG-tl5c4iNGQ&edm=APs17CUBAAAA&ccb=7-5&oh=00_Afcc21qQRXObhMd-gMLmGiB7U0zr4hke3Y8R9cxp0h-GeA&oe=68EDD73F&_nc_sid=10d13b","https://scontent-lga3-3.cdninstagram.com/v/t51.2885-15/560382770_18534802825048578_2954870072009152916_n.jpg?stp=dst-jpg_e15_fr_p1080x1080_tt6&_nc_ht=scontent-lga3-3.cdninstagram.com&_nc_cat=106&_nc_oc=Q6cZ2QGIf37BRxX0w524QqyB49djHSNlOBsKqB5fkNQJoyBzT6unL1NVju-8YbBesfUQt2Y&_nc_ohc=-SKY9V-HsK0Q7kNvwFgMYRU&_nc_gid=7wcdZ6JubxBG-tl5c4iNGQ&edm=APs17CUBAAAA&ccb=7-5&oh=00_AfekOfWCgHz97-bQbyGN2LDEi-FPDWpA1d9fdCQz_7v1dg&oe=68EDD186&_nc_sid=10d13b","https://scontent-lga3-3.cdninstagram.com/v/t51.2885-15/561747354_18534802828048578_426007809414851801_n.jpg?stp=dst-jpg_e15_fr_p1080x1080_tt6&_nc_ht=scontent-lga3-3.cdninstagram.com&_nc_cat=106&_nc_oc=Q6cZ2QGIf37BRxX0w524QqyB49djHSNlOBsKqB5fkNQJoyBzT6unL1NVju-8YbBesfUQt2Y&_nc_ohc=25GsOpt58ToQ7kNvwHlLSTy&_nc_gid=7wcdZ6JubxBG-tl5c4iNGQ&edm=APs17CUBAAAA&ccb=7-5&oh=00_AfflyOviC0hvpQhUYq1HKF6NcrHeOQnIS2A3pfKwpu001w&oe=68EDAC6C&_nc_sid=10d13b","https://scontent-lga3-3.cdninstagram.com/v/t51.2885-15/562575922_18534802855048578_8022134937975183719_n.jpg?stp=dst-jpg_e15_fr_p1080x1080_tt6&_nc_ht=scontent-lga3-3.cdninstagram.com&_nc_cat=106&_nc_oc=Q6cZ2QGIf37BRxX0w524QqyB49djHSNlOBsKqB5fkNQJoyBzT6unL1NVju-8YbBesfUQt2Y&_nc_ohc=DpDWEWf3cwkQ7kNvwGuFnuU&_nc_gid=7wcdZ6JubxBG-tl5c4iNGQ&edm=APs17CUBAAAA&ccb=7-5&oh=00_AfdvcyiItTuOLnnqc8BDwWHhVCLJhLGTN3JipRiAnfOosA&oe=68EDAC6C&_nc_sid=10d13b","https://scontent-lga3-3.cdninstagram.com/v/t51.2885-15/562030878_18534802852048578_7751107477860955529_n.jpg?stp=dst-jpg_e15_fr_p1080x1080_tt6&_nc_ht=scontent-lga3-3.cdninstagram.com&_nc_cat=106&_nc_oc=Q6cZ2QGIf37BRxX0w524QqyB49djHSNlOBsKqB5fkNQJoyBzT6unL1NVju-8YbBesfUQt2Y&_nc_ohc=Cmf30EUnCeoQ7kNvwFyn8lQ&_nc_gid=7wcdZ6JubxBG-tl5c4iNGQ&edm=APs17CUBAAAA&ccb=7-5&oh=00_Aff_9EHKWrTB47v4Zny7IfwwuDCAxe4pF3ilg-tUU8tqNQ&oe=68EDA236&_nc_sid=10d13b","https://scontent-lga3-3.cdninstagram.com/v/t51.2885-15/561596971_18534802849048578_6632067728337412719_n.jpg?stp=dst-jpg_e15_fr_p1080x1080_tt6&_nc_ht=scontent-lga3-3.cdninstagram.com&_nc_cat=106&_nc_oc=Q6cZ2QGIf37BRxX0w524QqyB49djHSNlOBsKqB5fkNQJoyBzT6unL1NVju-8YbBesfUQt2Y&_nc_ohc=zOzHtLXWBVEQ7kNvwGBEjYZ&_nc_gid=7wcdZ6JubxBG-tl5c4iNGQ&edm=APs17CUBAAAA&ccb=7-5&oh=00_AfdQrx-CoTTvBCaybMbLy0lJMBD5_jL41udpQbNeklDXMw&oe=68EDCD46&_nc_sid=10d13b",,,,,,,
"Pankaj Tripathi serving looks wasn’t on my 2025 bingo card 👀✨
Flipkart’s Big Bang Diwali Sale is here — time to level up your style and tech!

📅 Sale starts 11 Oct | 24-hr early access for Black & Plus members.

#YehDiwaliSmartphoneWali #BigBangDiwaliSaleFlipkart","13","-1","Sidecar",,"2025-10-08T14:14:15.000Z","https://scontent-hou1-1.cdninstagram.com/v/t51.2885-15/561065610_18534781687048578_5787040654337452244_n.jpg?stp=dst-jpg_e15_fr_p1080x1080_tt6&_nc_ht=scontent-hou1-1.cdninstagram.com&_nc_cat=106&_nc_oc=Q6cZ2QGGIcXfh61EMOLPZzBpXQVsN-AE2RCodT8_rwFYCkDvD1cu1pqYqNQxwpCA2O5usj8&_nc_ohc=9nWi2VQqSH8Q7kNvwGSj_VH&_nc_gid=iWk7U6Q7CgBaeMzc-zCXxQ&edm=APs17CUBAAAA&ccb=7-5&oh=00_AfeRRSODET6uWZJ104GbuZa3rqdDvmroisu4vRPGrM_wWw&oe=68EDAC71&_nc_sid=10d13b","https://scontent-hou1-1.cdninstagram.com/v/t51.2885-15/561713296_18534781696048578_4319475478703624831_n.jpg?stp=dst-jpg_e15_fr_p1080x1080_tt6&_nc_ht=scontent-hou1-1.cdninstagram.com&_nc_cat=106&_nc_oc=Q6cZ2QGGIcXfh61EMOLPZzBpXQVsN-AE2RCodT8_rwFYCkDvD1cu1pqYqNQxwpCA2O5usj8&_nc_ohc=xxPHuhoxv5cQ7kNvwEpzk8e&_nc_gid=iWk7U6Q7CgBaeMzc-zCXxQ&edm=APs17CUBAAAA&ccb=7-5&oh=00_AffFCgPcOVy_AAnOZIEQzqC3Rxh872Lfq5cVXj_UP7-EmQ&oe=68EDD548&_nc_sid=10d13b","https://scontent-hou1-1.cdninstagram.com/v/t51.2885-15/560998532_18534782119048578_2473865916938686806_n.jpg?stp=dst-jpg_e15_tt6&_nc_ht=scontent-hou1-1.cdninstagram.com&_nc_cat=106&_nc_oc=Q6cZ2QGGIcXfh61EMOLPZzBpXQVsN-AE2RCodT8_rwFYCkDvD1cu1pqYqNQxwpCA2O5usj8&_nc_ohc=szDv9VzEmFMQ7kNvwGWcdcz&_nc_gid=iWk7U6Q7CgBaeMzc-zCXxQ&edm=APs17CUBAAAA&ccb=7-5&oh=00_AfcGIvUcfg5WeupIDP1Y7RRUXInLAWD8ASicrm_5dzOc_g&oe=68EDBC56&_nc_sid=10d13b",,,,,,,,,,
"2027 World Cup ka sapna sapna hi reh gaya🥲

Ind vs Aus | India vs Australia | Virat Kohli | KL Rahul | Indian Cricket Team","28","18258","Sidecar",,"2025-10-08T11:25:28.000Z","https://scontent-atl3-1.cdninstagram.com/v/t51.2885-15/562968277_18534757819048578_8655265558354075622_n.jpg?stp=dst-jpg_e35_p1080x1080_sh0.08_tt6&_nc_ht=scontent-atl3-1.cdninstagram.com&_nc_cat=106&_nc_oc=Q6cZ2QFi_kVMACz2yF0cYUYwj8CGdfDj3GLQGmOutx1nAj88HptnLJXPmyeZ2g3BQqBw0H9X4B4rDzcwdBbfc6XcHSHD&_nc_ohc=Iyq7g16r2YIQ7kNvwE62yOM&_nc_gid=9sgoMI45SHwtConjUriH5w&edm=APs17CUBAAAA&ccb=7-5&oh=00_AfcwHEil_B2qjStlF6_JjxSCVa078YCCCeavA9M8K7DmQw&oe=68EDD126&_nc_sid=10d13b","https://scontent-atl3-1.cdninstagram.com/v/t51.2885-15/561843552_18534757828048578_2697021905866719320_n.jpg?stp=dst-jpg_e35_p1080x1080_sh0.08_tt6&_nc_ht=scontent-atl3-1.cdninstagram.com&_nc_cat=106&_nc_oc=Q6cZ2QFi_kVMACz2yF0cYUYwj8CGdfDj3GLQGmOutx1nAj88HptnLJXPmyeZ2g3BQqBw0H9X4B4rDzcwdBbfc6XcHSHD&_nc_ohc=ICXE8ZjpVm8Q7kNvwFt4Czc&_nc_gid=9sgoMI45SHwtConjUriH5w&edm=APs17CUBAAAA&ccb=7-5&oh=00_Afez6w7Cuq096g5jr1g_TwJV_jB0D95Tf7N1qNvw_RC-DA&oe=68EDCE85&_nc_sid=10d13b","https://scontent-atl3-1.cdninstagram.com/v/t51.2885-15/561000004_18534757837048578_1552407237533267109_n.jpg?stp=dst-jpg_e35_p1080x1080_sh0.08_tt6&_nc_ht=scontent-atl3-1.cdninstagram.com&_nc_cat=106&_nc_oc=Q6cZ2QFi_kVMACz2yF0cYUYwj8CGdfDj3GLQGmOutx1nAj88HptnLJXPmyeZ2g3BQqBw0H9X4B4rDzcwdBbfc6XcHSHD&_nc_ohc=AXSnlST4nZMQ7kNvwFM9ngD&_nc_gid=9sgoMI45SHwtConjUriH5w&edm=APs17CUBAAAA&ccb=7-5&oh=00_Afdwiz03BystrXRh96C4Y6qXb82X0C7J2d3JwmJ_I8krmA&oe=68EDBACB&_nc_sid=10d13b","https://scontent-atl3-1.cdninstagram.com/v/t51.2885-15/562002947_18534757846048578_3373035812656856994_n.jpg?stp=dst-jpg_e35_p1080x1080_sh0.08_tt6&_nc_ht=scontent-atl3-1.cdninstagram.com&_nc_cat=106&_nc_oc=Q6cZ2QFi_kVMACz2yF0cYUYwj8CGdfDj3GLQGmOutx1nAj88HptnLJXPmyeZ2g3BQqBw0H9X4B4rDzcwdBbfc6XcHSHD&_nc_ohc=CDJw3ANH6oAQ7kNvwHGTEpV&_nc_gid=9sgoMI45SHwtConjUriH5w&edm=APs17CUBAAAA&ccb=7-5&oh=00_Aff9kTN0QtpBijYdqzoP1kGpghS-rJOvQmpCFcsSkYQLaA&oe=68EDAC6C&_nc_sid=10d13b",,,,,,,,,
"Ab hoga comeback

#SWTrends
Japanese study | Science |","5","-1","Sidecar",,"2025-10-09T16:55:52.000Z","https://scontent-lax3-2.cdninstagram.com/v/t51.2885-15/560315479_18535018924048578_624965969737068856_n.jpg?stp=dst-jpg_e15_fr_p1080x1080_tt6&_nc_ht=scontent-lax3-2.cdninstagram.com&_nc_cat=106&_nc_oc=Q6cZ2QFfziYuRBh2i9Q6KC61a4Dr0WAbQgbYkE2Vegt--2MW0OhMzl2OTxbF_7bJUpimy6M&_nc_ohc=L762-hV59EIQ7kNvwEzJQj8&_nc_gid=IicN5Ry7hOvVRlqai0396A&edm=APs17CUBAAAA&ccb=7-5&oh=00_AfdVc1UG8ejiHllW0KpNFasD-ReQxyKi5vh32CDQdf07vg&oe=68EDA494&_nc_sid=10d13b","https://scontent-lax3-2.cdninstagram.com/v/t51.2885-15/562436934_18535018936048578_5865882666883239915_n.jpg?stp=dst-jpg_e15_fr_p1080x1080_tt6&_nc_ht=scontent-lax3-2.cdninstagram.com&_nc_cat=106&_nc_oc=Q6cZ2QFfziYuRBh2i9Q6KC61a4Dr0WAbQgbYkE2Vegt--2MW0OhMzl2OTxbF_7bJUpimy6M&_nc_ohc=y1XurXDejnIQ7kNvwHQ9V01&_nc_gid=IicN5Ry7hOvVRlqai0396A&edm=APs17CUBAAAA&ccb=7-5&oh=00_AfeL9MnPK0h_dar27PhBez2ibzE2PLWiv95dvNwDTeUEUw&oe=68EDBF46&_nc_sid=10d13b","https://scontent-lax3-2.cdninstagram.com/v/t51.2885-15/563892694_18535018954048578_2442034764318207827_n.jpg?stp=dst-jpg_e15_fr_p1080x1080_tt6&_nc_ht=scontent-lax3-2.cdninstagram.com&_nc_cat=106&_nc_oc=Q6cZ2QFfziYuRBh2i9Q6KC61a4Dr0WAbQgbYkE2Vegt--2MW0OhMzl2OTxbF_7bJUpimy6M&_nc_ohc=3tv2zuf80bIQ7kNvwFVjm3q&_nc_gid=IicN5Ry7hOvVRlqai0396A&edm=APs17CUBAAAA&ccb=7-5&oh=00_AfcoOkp9si1pbc1dXpDlJp3wO7oww1LCOS1TEicZPEmhVg&oe=68EDCB32&_nc_sid=10d13b","https://scontent-lax3-2.cdninstagram.com/v/t51.2885-15/562901296_18535018945048578_5300363041996970771_n.jpg?stp=dst-jpg_e15_fr_p1080x1080_tt6&_nc_ht=scontent-lax3-2.cdninstagram.com&_nc_cat=106&_nc_oc=Q6cZ2QFfziYuRBh2i9Q6KC61a4Dr0WAbQgbYkE2Vegt--2MW0OhMzl2OTxbF_7bJUpimy6M&_nc_ohc=252GBOYqkwwQ7kNvwFhqadZ&_nc_gid=IicN5Ry7hOvVRlqai0396A&edm=APs17CUBAAAA&ccb=7-5&oh=00_Afc9_0FXXgnpxH2cktqwsrc8ENhQ8WY1QQQ6rPPN4utBtg&oe=68EDD217&_nc_sid=10d13b",,,,,,,,,
"All female ladies can testify 🥰

#SWTrends
Peak Female Content | Women |","120","16201","Sidecar",,"2025-10-08T17:18:45.000Z","https://instagram.fcae1-1.fna.fbcdn.net/v/t51.2885-15/562945642_18534809680048578_2093763144827022866_n.jpg?stp=dst-jpg_e15_fr_p1080x1080_tt6&_nc_ht=instagram.fcae1-1.fna.fbcdn.net&_nc_cat=106&_nc_oc=Q6cZ2QGNmsURHfNmVjQ6zhIOQ8nG6r8kXy26QNMrc-EgO8XISJ0SHL5hIjrAVrfs5tPpy38&_nc_ohc=ZQohEkKO0KAQ7kNvwH6rPvM&_nc_gid=VVG5qg8seA0h3R_bt6PfQw&edm=APs17CUBAAAA&ccb=7-5&oh=00_AfewPMLpS-7-e0OIhwYwi6-K-lCRCoUA9iiAoNhv373MQw&oe=68EDD4C8&_nc_sid=10d13b","https://instagram.fcae1-1.fna.fbcdn.net/v/t51.2885-15/561987783_18534809689048578_5448221634160975333_n.jpg?stp=dst-jpg_e15_fr_p1080x1080_tt6&_nc_ht=instagram.fcae1-1.fna.fbcdn.net&_nc_cat=106&_nc_oc=Q6cZ2QGNmsURHfNmVjQ6zhIOQ8nG6r8kXy26QNMrc-EgO8XISJ0SHL5hIjrAVrfs5tPpy38&_nc_ohc=ccIeYYWxvl8Q7kNvwGZYNyH&_nc_gid=VVG5qg8seA0h3R_bt6PfQw&edm=APs17CUBAAAA&ccb=7-5&oh=00_Afd9v7wcwzPrB51Kaz7iBv_cs4_ABu-HNxORZR6kugOs0g&oe=68EDBBA3&_nc_sid=10d13b","https://instagram.fcae1-1.fna.fbcdn.net/v/t51.2885-15/561761503_18534809704048578_769956344042126218_n.jpg?stp=dst-jpg_e15_fr_p1080x1080_tt6&_nc_ht=instagram.fcae1-1.fna.fbcdn.net&_nc_cat=106&_nc_oc=Q6cZ2QGNmsURHfNmVjQ6zhIOQ8nG6r8kXy26QNMrc-EgO8XISJ0SHL5hIjrAVrfs5tPpy38&_nc_ohc=x6pE9o35uAkQ7kNvwE6g6Nt&_nc_gid=VVG5qg8seA0h3R_bt6PfQw&edm=APs17CUBAAAA&ccb=7-5&oh=00_AffVWT_pj3S_MdxaIElRwUkKyeJKzguODJIuVBJHkjuPfg&oe=68EDB307&_nc_sid=10d13b","https://instagram.fcae1-1.fna.fbcdn.net/v/t51.2885-15/562585780_18534809707048578_260414240837706234_n.jpg?stp=dst-jpg_e15_fr_p1080x1080_tt6&_nc_ht=instagram.fcae1-1.fna.fbcdn.net&_nc_cat=106&_nc_oc=Q6cZ2QGNmsURHfNmVjQ6zhIOQ8nG6r8kXy26QNMrc-EgO8XISJ0SHL5hIjrAVrfs5tPpy38&_nc_ohc=g1f8phiTSo4Q7kNvwHl8YAB&_nc_gid=VVG5qg8seA0h3R_bt6PfQw&edm=APs17CUBAAAA&ccb=7-5&oh=00_Afd-yjF2fAMXn5gHC5egKStQWSi0huNZm7HrAP4hbbjc0w&oe=68EDD40F&_nc_sid=10d13b","https://instagram.fcae1-1.fna.fbcdn.net/v/t51.2885-15/560304608_18534809740048578_3230188797696500152_n.jpg?stp=dst-jpg_e15_fr_p1080x1080_tt6&_nc_ht=instagram.fcae1-1.fna.fbcdn.net&_nc_cat=106&_nc_oc=Q6cZ2QGNmsURHfNmVjQ6zhIOQ8nG6r8kXy26QNMrc-EgO8XISJ0SHL5hIjrAVrfs5tPpy38&_nc_ohc=9LaNpOxdEYsQ7kNvwGTWO4G&_nc_gid=VVG5qg8seA0h3R_bt6PfQw&edm=APs17CUBAAAA&ccb=7-5&oh=00_AfcG4Dj4CXpinFhq6LzN4GpZHQ21DGljb1UzMvnOpdJInQ&oe=68EDC0F1&_nc_sid=10d13b","https://instagram.fcae1-1.fna.fbcdn.net/v/t51.2885-15/563122935_18534809743048578_4835801653522157896_n.jpg?stp=dst-jpg_e15_fr_p1080x1080_tt6&_nc_ht=instagram.fcae1-1.fna.fbcdn.net&_nc_cat=106&_nc_oc=Q6cZ2QGNmsURHfNmVjQ6zhIOQ8nG6r8kXy26QNMrc-EgO8XISJ0SHL5hIjrAVrfs5tPpy38&_nc_ohc=S4ZKhu62Q14Q7kNvwFmQ-8L&_nc_gid=VVG5qg8seA0h3R_bt6PfQw&edm=APs17CUBAAAA&ccb=7-5&oh=00_AfdwkjBOBtKBvkHZZeOyWlWIHfGbaGlD2fly_WBhdemjmQ&oe=68EDC0C9&_nc_sid=10d13b","https://instagram.fcae1-1.fna.fbcdn.net/v/t51.2885-15/561245533_18534809731048578_8252947007864729400_n.jpg?stp=dst-jpg_e15_fr_p1080x1080_tt6&_nc_ht=instagram.fcae1-1.fna.fbcdn.net&_nc_cat=106&_nc_oc=Q6cZ2QGNmsURHfNmVjQ6zhIOQ8nG6r8kXy26QNMrc-EgO8XISJ0SHL5hIjrAVrfs5tPpy38&_nc_ohc=MEvIkYG69wYQ7kNvwF-Dda4&_nc_gid=VVG5qg8seA0h3R_bt6PfQw&edm=APs17CUBAAAA&ccb=7-5&oh=00_Afe7LjlfOdtsa8hJIbG5XwRzJNnM1tbOYF22-_67V1shMw&oe=68EDAAB3&_nc_sid=10d13b","https://instagram.fcae1-1.fna.fbcdn.net/v/t51.2885-15/560392066_18534809749048578_9104761390146999737_n.jpg?stp=dst-jpg_e15_fr_p1080x1080_tt6&_nc_ht=instagram.fcae1-1.fna.fbcdn.net&_nc_cat=106&_nc_oc=Q6cZ2QGNmsURHfNmVjQ6zhIOQ8nG6r8kXy26QNMrc-EgO8XISJ0SHL5hIjrAVrfs5tPpy38&_nc_ohc=kXW8GJXt2hwQ7kNvwFAE5F8&_nc_gid=VVG5qg8seA0h3R_bt6PfQw&edm=APs17CUBAAAA&ccb=7-5&oh=00_Afe_nPRzdJx-wKFgPXImQ3Otuh94U336jYDj3-ZXO06P5g&oe=68EDC534&_nc_sid=10d13b","https://instagram.fcae1-1.fna.fbcdn.net/v/t51.2885-15/560395604_18534809758048578_5977943963979367054_n.jpg?stp=dst-jpg_e15_fr_p1080x1080_tt6&_nc_ht=instagram.fcae1-1.fna.fbcdn.net&_nc_cat=106&_nc_oc=Q6cZ2QGNmsURHfNmVjQ6zhIOQ8nG6r8kXy26QNMrc-EgO8XISJ0SHL5hIjrAVrfs5tPpy38&_nc_ohc=iEmVhvxAxnUQ7kNvwFbGMyc&_nc_gid=VVG5qg8seA0h3R_bt6PfQw&edm=APs17CUBAAAA&ccb=7-5&oh=00_Affxhzd8efoK2nWLzO8pz8BL_Jz47fWJGJ57QRpfC95jGA&oe=68EDCB59&_nc_sid=10d13b","https://instagram.fcae1-1.fna.fbcdn.net/v/t51.2885-15/560565184_18534809770048578_790168887053165135_n.jpg?stp=dst-jpg_e15_fr_p1080x1080_tt6&_nc_ht=instagram.fcae1-1.fna.fbcdn.net&_nc_cat=106&_nc_oc=Q6cZ2QGNmsURHfNmVjQ6zhIOQ8nG6r8kXy26QNMrc-EgO8XISJ0SHL5hIjrAVrfs5tPpy38&_nc_ohc=5lYObpTWeGQQ7kNvwE7fqPU&_nc_gid=VVG5qg8seA0h3R_bt6PfQw&edm=APs17CUBAAAA&ccb=7-5&oh=00_Aff_LouoqjeRuvJeEhPjB0GKC6lJvAiSSzrMsZmGJ-xtoA&oe=68EDBAD8&_nc_sid=10d13b","https://instagram.fcae1-1.fna.fbcdn.net/v/t51.2885-15/561735693_18534809779048578_5913912721472863860_n.jpg?stp=dst-jpg_e15_fr_p1080x1080_tt6&_nc_ht=instagram.fcae1-1.fna.fbcdn.net&_nc_cat=106&_nc_oc=Q6cZ2QGNmsURHfNmVjQ6zhIOQ8nG6r8kXy26QNMrc-EgO8XISJ0SHL5hIjrAVrfs5tPpy38&_nc_ohc=9eoJ5uane3UQ7kNvwEdyEY4&_nc_gid=VVG5qg8seA0h3R_bt6PfQw&edm=APs17CUBAAAA&ccb=7-5&oh=00_Afd1iZ4QFzuJXXafPbJ_DAJTFNMIhvSkTOB5uHVq7IbDGA&oe=68EDA16F&_nc_sid=10d13b","https://instagram.fcae1-1.fna.fbcdn.net/v/t51.2885-15/560301776_18534809788048578_1397975803922855448_n.jpg?stp=dst-jpg_e15_fr_p1080x1080_tt6&_nc_ht=instagram.fcae1-1.fna.fbcdn.net&_nc_cat=106&_nc_oc=Q6cZ2QGNmsURHfNmVjQ6zhIOQ8nG6r8kXy26QNMrc-EgO8XISJ0SHL5hIjrAVrfs5tPpy38&_nc_ohc=zdGI2VAblogQ7kNvwFCrzZ7&_nc_gid=VVG5qg8seA0h3R_bt6PfQw&edm=APs17CUBAAAA&ccb=7-5&oh=00_AffPBpAXOyrZkA7uzHb6cK1MWRLT7OjhM0D3OzQeqpxfVw&oe=68EDCF43&_nc_sid=10d13b","https://instagram.fcae1-1.fna.fbcdn.net/v/t51.2885-15/560352745_18534809797048578_9129222594135711075_n.jpg?stp=dst-jpg_e15_fr_p1080x1080_tt6&_nc_ht=instagram.fcae1-1.fna.fbcdn.net&_nc_cat=106&_nc_oc=Q6cZ2QGNmsURHfNmVjQ6zhIOQ8nG6r8kXy26QNMrc-EgO8XISJ0SHL5hIjrAVrfs5tPpy38&_nc_ohc=di5Zlz18LTkQ7kNvwHBRJVx&_nc_gid=VVG5qg8seA0h3R_bt6PfQw&edm=APs17CUBAAAA&ccb=7-5&oh=00_Afc7nIXHdA0a4vGTHPL8g8Hi78nHqATpYJHYRR8ijINtFw&oe=68EDCA03&_nc_sid=10d13b"
"Phir wahi 1-2 cr ki dikkat

#SWTrends
Corporate memes | Salary | Wednesday mood |","25","9800","Sidecar",,"2025-10-08T05:55:47.000Z","https://instagram.fcps4-1.fna.fbcdn.net/v/t51.2885-15/561899223_18534707800048578_5426042519647347115_n.jpg?stp=dst-jpg_e35_p1080x1080_sh0.08_tt6&_nc_ht=instagram.fcps4-1.fna.fbcdn.net&_nc_cat=106&_nc_oc=Q6cZ2QGOclsFGW6f-BCPCw9slYUl4V1cHIjG1lRYtBaKJ-dYpRm_I7jqvd9BXjddn-0rinATqhPf4NaQJH6b6FbON4HC&_nc_ohc=WBczasnYHdsQ7kNvwEN3KYB&_nc_gid=HzDRCaAxEPzwZIaUFzNJvg&edm=APs17CUBAAAA&ccb=7-5&oh=00_Afclp29EZs0argJrLJS31VSWVhNns6tErd_YLaiKPXrWwg&oe=68EDCAD5&_nc_sid=10d13b","https://instagram.fcps4-1.fna.fbcdn.net/v/t51.2885-15/559850730_18534707809048578_4585053562972243215_n.jpg?stp=dst-jpg_e15_fr_p1080x1080_tt6&_nc_ht=instagram.fcps4-1.fna.fbcdn.net&_nc_cat=106&_nc_oc=Q6cZ2QGOclsFGW6f-BCPCw9slYUl4V1cHIjG1lRYtBaKJ-dYpRm_I7jqvd9BXjddn-0rinATqhPf4NaQJH6b6FbON4HC&_nc_ohc=1sph9bz0r6IQ7kNvwHeZpJq&_nc_gid=HzDRCaAxEPzwZIaUFzNJvg&edm=APs17CUBAAAA&ccb=7-5&oh=00_Afd5R2gEYlqTarJJoO0bSQ8u1_fEGP0xrIOzSjE-aMjy-A&oe=68EDA566&_nc_sid=10d13b","https://instagram.fcps4-1.fna.fbcdn.net/v/t51.2885-15/561302572_18534707827048578_4224225060796823461_n.jpg?stp=dst-jpg_e35_p1080x1080_sh0.08_tt6&_nc_ht=instagram.fcps4-1.fna.fbcdn.net&_nc_cat=106&_nc_oc=Q6cZ2QGOclsFGW6f-BCPCw9slYUl4V1cHIjG1lRYtBaKJ-dYpRm_I7jqvd9BXjddn-0rinATqhPf4NaQJH6b6FbON4HC&_nc_ohc=KjIqdW2ex8oQ7kNvwGFrE-T&_nc_gid=HzDRCaAxEPzwZIaUFzNJvg&edm=APs17CUBAAAA&ccb=7-5&oh=00_AffCQ46LBKpjw4VuICSD7mGziEbyfios1ZEgXel9sDdtIw&oe=68EDA317&_nc_sid=10d13b","https://instagram.fcps4-1.fna.fbcdn.net/v/t51.2885-15/559714030_18534707818048578_4395168592196402211_n.jpg?stp=dst-jpg_e35_p1080x1080_sh0.08_tt6&_nc_ht=instagram.fcps4-1.fna.fbcdn.net&_nc_cat=106&_nc_oc=Q6cZ2QGOclsFGW6f-BCPCw9slYUl4V1cHIjG1lRYtBaKJ-dYpRm_I7jqvd9BXjddn-0rinATqhPf4NaQJH6b6FbON4HC&_nc_ohc=OKRIJUMY4nAQ7kNvwGxiRP7&_nc_gid=HzDRCaAxEPzwZIaUFzNJvg&edm=APs17CUBAAAA&ccb=7-5&oh=00_AfcFt4qEcZ3XyAWKUae8tmDr_VisLw1as18NulekISXsLA&oe=68EDB9CA&_nc_sid=10d13b","https://instagram.fcps4-1.fna.fbcdn.net/v/t51.2885-15/560229972_18534707839048578_7736361405643763792_n.jpg?stp=dst-jpg_e35_p1080x1080_sh0.08_tt6&_nc_ht=instagram.fcps4-1.fna.fbcdn.net&_nc_cat=106&_nc_oc=Q6cZ2QGOclsFGW6f-BCPCw9slYUl4V1cHIjG1lRYtBaKJ-dYpRm_I7jqvd9BXjddn-0rinATqhPf4NaQJH6b6FbON4HC&_nc_ohc=BW_8w9bKcVgQ7kNvwGbUxeJ&_nc_gid=HzDRCaAxEPzwZIaUFzNJvg&edm=APs17CUBAAAA&ccb=7-5&oh=00_Affn6hxNGq9o-jaQlJ7aUpNZxNwYuwckMEdJt4Hxk1N-sQ&oe=68EDC1CA&_nc_sid=10d13b",,,,,,,,
"Nice scripts, keep it in your diary👍🏻

Worst movies | Bollywood | Bollywood Films | Bad Plot | Flop Movies","291","9096","Sidecar",,"2025-10-07T09:18:56.000Z","https://scontent-dfw5-2.cdninstagram.com/v/t51.2885-15/560602396_18534494458048578_8364682194807991904_n.jpg?stp=dst-jpg_e15_fr_p1080x1080_tt6&_nc_ht=scontent-dfw5-2.cdninstagram.com&_nc_cat=106&_nc_oc=Q6cZ2QG1c3fgjZTsWT1GRB5y1I2i7Q1N0FjHJbdYgb2xdtAeFe0ZSfviBUBAb_gqc3P4yGU&_nc_ohc=ZuhCDOHw4SsQ7kNvwEqSpdC&_nc_gid=IE4t9tQAeCet0PRAV23RBQ&edm=APs17CUBAAAA&ccb=7-5&oh=00_AfdZwap63Ar4ph_-fLkECQWtVCDXXE5zO5JGzs_8smE4Xg&oe=68EDA790&_nc_sid=10d13b","https://scontent-dfw5-2.cdninstagram.com/v/t51.2885-15/560369814_18534494467048578_3714367252336879635_n.jpg?stp=dst-jpg_e15_fr_p1080x1080_tt6&_nc_ht=scontent-dfw5-2.cdninstagram.com&_nc_cat=106&_nc_oc=Q6cZ2QG1c3fgjZTsWT1GRB5y1I2i7Q1N0FjHJbdYgb2xdtAeFe0ZSfviBUBAb_gqc3P4yGU&_nc_ohc=6wlN58ix_DAQ7kNvwEBopHM&_nc_gid=IE4t9tQAeCet0PRAV23RBQ&edm=APs17CUBAAAA&ccb=7-5&oh=00_AffOSy2_NegiYkCL70W6CtffwjwZRC0zbN68O4Ce7b7MAg&oe=68EDD14A&_nc_sid=10d13b","https://scontent-dfw5-2.cdninstagram.com/v/t51.2885-15/559744782_18534494476048578_8347084105860627501_n.jpg?stp=dst-jpg_e15_fr_p1080x1080_tt6&_nc_ht=scontent-dfw5-2.cdninstagram.com&_nc_cat=106&_nc_oc=Q6cZ2QG1c3fgjZTsWT1GRB5y1I2i7Q1N0FjHJbdYgb2xdtAeFe0ZSfviBUBAb_gqc3P4yGU&_nc_ohc=AnSDdZpOEvcQ7kNvwHCnobT&_nc_gid=IE4t9tQAeCet0PRAV23RBQ&edm=APs17CUBAAAA&ccb=7-5&oh=00_AfdiFGwC8RNgRg0u3ikvmtifzXtyTd8rbFGV5Bj0OWCUGA&oe=68EDA9D6&_nc_sid=10d13b","https://scontent-dfw5-2.cdninstagram.com/v/t51.2885-15/560915308_18534494485048578_3470905889840524219_n.jpg?stp=dst-jpg_e15_fr_p1080x1080_tt6&_nc_ht=scontent-dfw5-2.cdninstagram.com&_nc_cat=106&_nc_oc=Q6cZ2QG1c3fgjZTsWT1GRB5y1I2i7Q1N0FjHJbdYgb2xdtAeFe0ZSfviBUBAb_gqc3P4yGU&_nc_ohc=sZSZ6D7ZTjMQ7kNvwFPbt72&_nc_gid=IE4t9tQAeCet0PRAV23RBQ&edm=APs17CUBAAAA&ccb=7-5&oh=00_AffES-2ofvRuFlnVHZ4Wsdtj1jLaH7seAXvm76GbDbcUBw&oe=68EDD049&_nc_sid=10d13b","https://scontent-dfw5-2.cdninstagram.com/v/t51.2885-15/560448727_18534494497048578_2160702790665792112_n.jpg?stp=dst-jpg_e15_fr_p1080x1080_tt6&_nc_ht=scontent-dfw5-2.cdninstagram.com&_nc_cat=106&_nc_oc=Q6cZ2QG1c3fgjZTsWT1GRB5y1I2i7Q1N0FjHJbdYgb2xdtAeFe0ZSfviBUBAb_gqc3P4yGU&_nc_ohc=J-JUMAtOrX4Q7kNvwGVLHj8&_nc_gid=IE4t9tQAeCet0PRAV23RBQ&edm=APs17CUBAAAA&ccb=7-5&oh=00_AffToh33TThbPBjDDId0WkYE7xGRozACF4390q2seBWlAg&oe=68EDC5C8&_nc_sid=10d13b","https://scontent-dfw5-2.cdninstagram.com/v/t51.2885-15/559263837_18534494506048578_208363071241347766_n.jpg?stp=dst-jpg_e15_fr_p1080x1080_tt6&_nc_ht=scontent-dfw5-2.cdninstagram.com&_nc_cat=106&_nc_oc=Q6cZ2QG1c3fgjZTsWT1GRB5y1I2i7Q1N0FjHJbdYgb2xdtAeFe0ZSfviBUBAb_gqc3P4yGU&_nc_ohc=dLYDVSB1XmcQ7kNvwHjiBTV&_nc_gid=IE4t9tQAeCet0PRAV23RBQ&edm=APs17CUBAAAA&ccb=7-5&oh=00_AffXbDvZryRy6-vvih2H6bli0Nh3JGupY3L5_dFxKu-aDw&oe=68EDC761&_nc_sid=10d13b","https://scontent-dfw5-2.cdninstagram.com/v/t51.2885-15/559369063_18534494518048578_7031716071838311406_n.jpg?stp=dst-jpg_e15_fr_p1080x1080_tt6&_nc_ht=scontent-dfw5-2.cdninstagram.com&_nc_cat=106&_nc_oc=Q6cZ2QG1c3fgjZTsWT1GRB5y1I2i7Q1N0FjHJbdYgb2xdtAeFe0ZSfviBUBAb_gqc3P4yGU&_nc_ohc=M2tXQ_PBtuEQ7kNvwE8p9iq&_nc_gid=IE4t9tQAeCet0PRAV23RBQ&edm=APs17CUBAAAA&ccb=7-5&oh=00_AfdxiDbbNVgNoy9Ev6cil_0dV6KbMQMZaZfIItBG5MKGRA&oe=68EDBA43&_nc_sid=10d13b","https://scontent-dfw5-2.cdninstagram.com/v/t51.2885-15/559363154_18534494527048578_797678990659381259_n.jpg?stp=dst-jpg_e15_fr_p1080x1080_tt6&_nc_ht=scontent-dfw5-2.cdninstagram.com&_nc_cat=106&_nc_oc=Q6cZ2QG1c3fgjZTsWT1GRB5y1I2i7Q1N0FjHJbdYgb2xdtAeFe0ZSfviBUBAb_gqc3P4yGU&_nc_ohc=-um3ITKFg3gQ7kNvwGNIZCo&_nc_gid=IE4t9tQAeCet0PRAV23RBQ&edm=APs17CUBAAAA&ccb=7-5&oh=00_Affa-v9Viccw4KSq495DLVAaJg3dGIcQeOSTOoAG9-DVVg&oe=68EDD8E9&_nc_sid=10d13b","https://scontent-dfw5-2.cdninstagram.com/v/t51.2885-15/562025389_18534494536048578_3766882160528481738_n.jpg?stp=dst-jpg_e15_fr_p1080x1080_tt6&_nc_ht=scontent-dfw5-2.cdninstagram.com&_nc_cat=106&_nc_oc=Q6cZ2QG1c3fgjZTsWT1GRB5y1I2i7Q1N0FjHJbdYgb2xdtAeFe0ZSfviBUBAb_gqc3P4yGU&_nc_ohc=dGErY34LnKUQ7kNvwG84jC6&_nc_gid=IE4t9tQAeCet0PRAV23RBQ&edm=APs17CUBAAAA&ccb=7-5&oh=00_Afcy0lPDFSRGGYYafhi4aScI9IZqDaHpVPrzY2i8b9K7jg&oe=68EDD245&_nc_sid=10d13b","https://scontent-dfw5-2.cdninstagram.com/v/t51.2885-15/560536846_18534494545048578_7425144373861321689_n.jpg?stp=dst-jpg_e15_fr_p1080x1080_tt6&_nc_ht=scontent-dfw5-2.cdninstagram.com&_nc_cat=106&_nc_oc=Q6cZ2QG1c3fgjZTsWT1GRB5y1I2i7Q1N0FjHJbdYgb2xdtAeFe0ZSfviBUBAb_gqc3P4yGU&_nc_ohc=mgnTI89IrgkQ7kNvwF5QbFX&_nc_gid=IE4t9tQAeCet0PRAV23RBQ&edm=APs17CUBAAAA&ccb=7-5&oh=00_AfcmtfkM9626rNE3UeQL5si2Yz15RUcsSTk7yZjEjY8XOA&oe=68EDB692&_nc_sid=10d13b","https://scontent-dfw5-2.cdninstagram.com/v/t51.2885-15/561522376_18534494554048578_4043313505870748577_n.jpg?stp=dst-jpg_e15_fr_p1080x1080_tt6&_nc_ht=scontent-dfw5-2.cdninstagram.com&_nc_cat=106&_nc_oc=Q6cZ2QG1c3fgjZTsWT1GRB5y1I2i7Q1N0FjHJbdYgb2xdtAeFe0ZSfviBUBAb_gqc3P4yGU&_nc_ohc=OHSKYHbBw3QQ7kNvwGjSBrn&_nc_gid=IE4t9tQAeCet0PRAV23RBQ&edm=APs17CUBAAAA&ccb=7-5&oh=00_AfcUNd_L_cT14saErpbYNAxFntd7GETnnXQNCr9-8RNptQ&oe=68EDC551&_nc_sid=10d13b",,
"Hai @tanmaybhat bhai pe 11 hazaar💰

Tanmay Bhat | Net Worth","66","12705","Sidecar",,"2025-10-07T13:28:31.000Z","https://scontent-den2-1.cdninstagram.com/v/t51.2885-15/559897160_18534521629048578_4257611864501636998_n.jpg?stp=dst-jpg_e15_fr_p1080x1080_tt6&_nc_ht=scontent-den2-1.cdninstagram.com&_nc_cat=106&_nc_oc=Q6cZ2QFVwZix5APV-yw_TiAGg4d3SxPY4BFW34w4meOc20KZYDB1vR5AweXURqVJAEIY26M&_nc_ohc=tB2NAFhGW3MQ7kNvwFuyD_i&_nc_gid=xMuBYNbr7GFxYCuK-CbqzA&edm=APs17CUBAAAA&ccb=7-5&oh=00_AffCrqydWkhvqdASQCbGsr9mbf9BDcMZZlg__ClILU0SXw&oe=68EDC7B1&_nc_sid=10d13b","https://scontent-den2-1.cdninstagram.com/v/t51.2885-15/562353098_18534521638048578_12643829692014218_n.jpg?stp=dst-jpg_e15_fr_p1080x1080_tt6&_nc_ht=scontent-den2-1.cdninstagram.com&_nc_cat=106&_nc_oc=Q6cZ2QFVwZix5APV-yw_TiAGg4d3SxPY4BFW34w4meOc20KZYDB1vR5AweXURqVJAEIY26M&_nc_ohc=paPDtdqryQcQ7kNvwENDCgJ&_nc_gid=xMuBYNbr7GFxYCuK-CbqzA&edm=APs17CUBAAAA&ccb=7-5&oh=00_AfeL0at_2QEGTUd_cCh3iIPrZ9RyBLShPMjfOJAmgSUhUA&oe=68EDD726&_nc_sid=10d13b","https://scontent-den2-1.cdninstagram.com/v/t51.2885-15/560634000_18534521647048578_4644783931722395121_n.jpg?stp=dst-jpg_e15_fr_p1080x1080_tt6&_nc_ht=scontent-den2-1.cdninstagram.com&_nc_cat=106&_nc_oc=Q6cZ2QFVwZix5APV-yw_TiAGg4d3SxPY4BFW34w4meOc20KZYDB1vR5AweXURqVJAEIY26M&_nc_ohc=UNB-3M01MmQQ7kNvwFS-VBm&_nc_gid=xMuBYNbr7GFxYCuK-CbqzA&edm=APs17CUBAAAA&ccb=7-5&oh=00_Afc-h65BwZ-GVFN3ds0lu3OXx4PMfQUeEtucj-P4LUl62g&oe=68EDB605&_nc_sid=10d13b","https://scontent-den2-1.cdninstagram.com/v/t51.2885-15/559544149_18534521671048578_4000211031776829072_n.jpg?stp=dst-jpg_e15_fr_p1080x1080_tt6&_nc_ht=scontent-den2-1.cdninstagram.com&_nc_cat=106&_nc_oc=Q6cZ2QFVwZix5APV-yw_TiAGg4d3SxPY4BFW34w4meOc20KZYDB1vR5AweXURqVJAEIY26M&_nc_ohc=yNgPCutBaTgQ7kNvwEnj4ie&_nc_gid=xMuBYNbr7GFxYCuK-CbqzA&edm=APs17CUBAAAA&ccb=7-5&oh=00_AfeXQ_TvBge2ASVSOA04pejLYuUeHGKoN4UfC4rttxuWoA&oe=68EDD20D&_nc_sid=10d13b","https://scontent-den2-1.cdninstagram.com/v/t51.2885-15/560931511_18534521668048578_2663235250988312239_n.jpg?stp=dst-jpg_e15_fr_p1080x1080_tt6&_nc_ht=scontent-den2-1.cdninstagram.com&_nc_cat=106&_nc_oc=Q6cZ2QFVwZix5APV-yw_TiAGg4d3SxPY4BFW34w4meOc20KZYDB1vR5AweXURqVJAEIY26M&_nc_ohc=WtEyRhlGElsQ7kNvwEOzvPe&_nc_gid=xMuBYNbr7GFxYCuK-CbqzA&edm=APs17CUBAAAA&ccb=7-5&oh=00_AffnuxNguHoQYFBv2nOQeZyeBQrJW09JCglJSUs81gSEXw&oe=68EDB80F&_nc_sid=10d13b","https://scontent-den2-1.cdninstagram.com/v/t51.2885-15/560573193_18534521674048578_36370082798681592_n.jpg?stp=dst-jpg_e15_fr_p1080x1080_tt6&_nc_ht=scontent-den2-1.cdninstagram.com&_nc_cat=106&_nc_oc=Q6cZ2QFVwZix5APV-yw_TiAGg4d3SxPY4BFW34w4meOc20KZYDB1vR5AweXURqVJAEIY26M&_nc_ohc=0CrVtZ9Xu5gQ7kNvwEgqh1G&_nc_gid=xMuBYNbr7GFxYCuK-CbqzA&edm=APs17CUBAAAA&ccb=7-5&oh=00_AfeO8e6Yq1tJalewIVW0tHvNrKZTFMmNQKOv8xJHbnRvYg&oe=68EDB8E7&_nc_sid=10d13b","https://scontent-den2-1.cdninstagram.com/v/t51.2885-15/561644435_18534521695048578_5561745572278563331_n.jpg?stp=dst-jpg_e15_fr_p1080x1080_tt6&_nc_ht=scontent-den2-1.cdninstagram.com&_nc_cat=106&_nc_oc=Q6cZ2QFVwZix5APV-yw_TiAGg4d3SxPY4BFW34w4meOc20KZYDB1vR5AweXURqVJAEIY26M&_nc_ohc=5gqEvRG10p4Q7kNvwEAT0UM&_nc_gid=xMuBYNbr7GFxYCuK-CbqzA&edm=APs17CUBAAAA&ccb=7-5&oh=00_AfcEkg8OuG4is5dBa5ABSk4s7eg9xFutsiull_rJIWzmsg&oe=68EDB034&_nc_sid=10d13b","https://scontent-den2-1.cdninstagram.com/v/t51.2885-15/560383827_18534521698048578_2165500570332363234_n.jpg?stp=dst-jpg_e15_fr_p1080x1080_tt6&_nc_ht=scontent-den2-1.cdninstagram.com&_nc_cat=106&_nc_oc=Q6cZ2QFVwZix5APV-yw_TiAGg4d3SxPY4BFW34w4meOc20KZYDB1vR5AweXURqVJAEIY26M&_nc_ohc=Fzr8Po9PIPwQ7kNvwE4Po91&_nc_gid=xMuBYNbr7GFxYCuK-CbqzA&edm=APs17CUBAAAA&ccb=7-5&oh=00_AfdvlYpNRSFBtL95dP2AiaxFQ9CCTSzUWErl3FieoEp_Fw&oe=68EDD2DC&_nc_sid=10d13b","https://scontent-den2-1.cdninstagram.com/v/t51.2885-15/561549195_18534521701048578_5871643153934975831_n.jpg?stp=dst-jpg_e15_fr_p1080x1080_tt6&_nc_ht=scontent-den2-1.cdninstagram.com&_nc_cat=106&_nc_oc=Q6cZ2QFVwZix5APV-yw_TiAGg4d3SxPY4BFW34w4meOc20KZYDB1vR5AweXURqVJAEIY26M&_nc_ohc=Li6QE6rB2OsQ7kNvwH2p_1r&_nc_gid=xMuBYNbr7GFxYCuK-CbqzA&edm=APs17CUBAAAA&ccb=7-5&oh=00_Afet6Y1rSpYIa6QXS8d4_7N4qJMbGeirFVtwxDfIkj1lxA&oe=68EDA6EA&_nc_sid=10d13b","https://scontent-den2-1.cdninstagram.com/v/t51.2885-15/560200423_18534521734048578_5260449607840829706_n.jpg?stp=dst-jpg_e15_fr_p1080x1080_tt6&_nc_ht=scontent-den2-1.cdninstagram.com&_nc_cat=106&_nc_oc=Q6cZ2QFVwZix5APV-yw_TiAGg4d3SxPY4BFW34w4meOc20KZYDB1vR5AweXURqVJAEIY26M&_nc_ohc=iDEH49i4H3oQ7kNvwHYSrcg&_nc_gid=xMuBYNbr7GFxYCuK-CbqzA&edm=APs17CUBAAAA&ccb=7-5&oh=00_Afeg9nbL5OKz7H0tFGiPBr7LLktgos27YLuljK7xBixkqw&oe=68EDA830&_nc_sid=10d13b","https://scontent-den2-1.cdninstagram.com/v/t51.2885-15/560626152_18534521737048578_7301703825106650949_n.jpg?stp=dst-jpg_e15_fr_p1080x1080_tt6&_nc_ht=scontent-den2-1.cdninstagram.com&_nc_cat=106&_nc_oc=Q6cZ2QFVwZix5APV-yw_TiAGg4d3SxPY4BFW34w4meOc20KZYDB1vR5AweXURqVJAEIY26M&_nc_ohc=adEOFXD01OQQ7kNvwGWB5YH&_nc_gid=xMuBYNbr7GFxYCuK-CbqzA&edm=APs17CUBAAAA&ccb=7-5&oh=00_AffEp3lFuxPrRDdiLavGvgJETl04ZvQTuT-wMy94qe_rjw&oe=68EDBF4B&_nc_sid=10d13b",,
"The urge to be a girl dad after watching this🎀
Credits: @_____aachal_____2402 

#SWTrends","87","16028","Video","128008","2025-10-07T17:06:23.000Z",,,,,,,,,,,,,
"Absolute cinema 

Van Dijk | PL | Liverpool","40","-1","Sidecar",,"2025-10-06T19:08:20.000Z","https://scontent-dfw5-2.cdninstagram.com/v/t51.2885-15/561924484_18534322660048578_5511482147707443428_n.jpg?stp=dst-jpg_e15_fr_p1080x1080_tt6&_nc_ht=scontent-dfw5-2.cdninstagram.com&_nc_cat=106&_nc_oc=Q6cZ2QG84WJdbgPHkjgO-7R4NWDdDJDapX4F7VN7Zq4FIz4zXpbeLLyQmkF1ojvKMNyjoqE&_nc_ohc=fv9-qLQZNfgQ7kNvwH2pQd7&_nc_gid=1ovHxQMCWDSABU79t2TPnA&edm=APs17CUBAAAA&ccb=7-5&oh=00_Afcmgb13-DgRvXeiF6T-DR-ngz17Br4oC7d08KQxh5BFiQ&oe=68EDB2B3&_nc_sid=10d13b","https://scontent-dfw5-2.cdninstagram.com/v/t51.2885-15/559803441_18534322669048578_3130884158610199667_n.jpg?stp=dst-jpg_e15_fr_p1080x1080_tt6&_nc_ht=scontent-dfw5-2.cdninstagram.com&_nc_cat=106&_nc_oc=Q6cZ2QG84WJdbgPHkjgO-7R4NWDdDJDapX4F7VN7Zq4FIz4zXpbeLLyQmkF1ojvKMNyjoqE&_nc_ohc=CR3yURsFdLEQ7kNvwHFEprG&_nc_gid=1ovHxQMCWDSABU79t2TPnA&edm=APs17CUBAAAA&ccb=7-5&oh=00_AffS0t10g-QRtFp4wvOa8UfUq_mVCEDsTIgaL74pKnuhxQ&oe=68EDA3C3&_nc_sid=10d13b","https://scontent-dfw5-2.cdninstagram.com/v/t51.2885-15/559825375_18534322693048578_9095457431821265025_n.jpg?stp=dst-jpg_e15_fr_p1080x1080_tt6&_nc_ht=scontent-dfw5-2.cdninstagram.com&_nc_cat=106&_nc_oc=Q6cZ2QG84WJdbgPHkjgO-7R4NWDdDJDapX4F7VN7Zq4FIz4zXpbeLLyQmkF1ojvKMNyjoqE&_nc_ohc=KV9vPmoF5boQ7kNvwGaWj1t&_nc_gid=1ovHxQMCWDSABU79t2TPnA&edm=APs17CUBAAAA&ccb=7-5&oh=00_Afdn16_2Q8T2FtsMbnpCDLDwPdlTxzLOmROktDtIqEM_bg&oe=68EDA8AE&_nc_sid=10d13b","https://scontent-dfw5-2.cdninstagram.com/v/t51.2885-15/560022157_18534322690048578_1736699330358647014_n.jpg?stp=dst-jpg_e15_fr_p1080x1080_tt6&_nc_ht=scontent-dfw5-2.cdninstagram.com&_nc_cat=106&_nc_oc=Q6cZ2QG84WJdbgPHkjgO-7R4NWDdDJDapX4F7VN7Zq4FIz4zXpbeLLyQmkF1ojvKMNyjoqE&_nc_ohc=IT86j8mbCSwQ7kNvwFicJ2P&_nc_gid=1ovHxQMCWDSABU79t2TPnA&edm=APs17CUBAAAA&ccb=7-5&oh=00_Afdi65lSnLD_aI9vvspkfC_kdxjBb_JgCb1vTyi2fKkA-w&oe=68EDAEB7&_nc_sid=10d13b","https://scontent-dfw5-2.cdninstagram.com/v/t51.2885-15/560322685_18534322702048578_8185161010540108976_n.jpg?stp=dst-jpg_e15_fr_p1080x1080_tt6&_nc_ht=scontent-dfw5-2.cdninstagram.com&_nc_cat=106&_nc_oc=Q6cZ2QG84WJdbgPHkjgO-7R4NWDdDJDapX4F7VN7Zq4FIz4zXpbeLLyQmkF1ojvKMNyjoqE&_nc_ohc=xH1D4qxJE4wQ7kNvwH--E9A&_nc_gid=1ovHxQMCWDSABU79t2TPnA&edm=APs17CUBAAAA&ccb=7-5&oh=00_AffJt_UVHE_i7-pjqFUkQK_ci6I0xfM9OxXTpUk376l24w&oe=68EDC45E&_nc_sid=10d13b","https://scontent-dfw5-2.cdninstagram.com/v/t51.2885-15/559296740_18534322711048578_4702330179370062675_n.jpg?stp=dst-jpg_e15_fr_p1080x1080_tt6&_nc_ht=scontent-dfw5-2.cdninstagram.com&_nc_cat=106&_nc_oc=Q6cZ2QG84WJdbgPHkjgO-7R4NWDdDJDapX4F7VN7Zq4FIz4zXpbeLLyQmkF1ojvKMNyjoqE&_nc_ohc=nb4_gVcUNnoQ7kNvwFt-pGi&_nc_gid=1ovHxQMCWDSABU79t2TPnA&edm=APs17CUBAAAA&ccb=7-5&oh=00_Afed8X9PwQEedm5UffVxezVHdbNOUZ7eLVmFjP-A9gZw8w&oe=68EDD437&_nc_sid=10d13b","https://scontent-dfw5-2.cdninstagram.com/v/t51.2885-15/559981044_18534322720048578_2825653898621504520_n.jpg?stp=dst-jpg_e15_fr_p1080x1080_tt6&_nc_ht=scontent-dfw5-2.cdninstagram.com&_nc_cat=106&_nc_oc=Q6cZ2QG84WJdbgPHkjgO-7R4NWDdDJDapX4F7VN7Zq4FIz4zXpbeLLyQmkF1ojvKMNyjoqE&_nc_ohc=pv1hAHqmXXcQ7kNvwFwH3RE&_nc_gid=1ovHxQMCWDSABU79t2TPnA&edm=APs17CUBAAAA&ccb=7-5&oh=00_AfcotSETMCOyb57L_G842cfxny3CCEXI5GqQtolgyOqUcg&oe=68EDB50A&_nc_sid=10d13b","https://scontent-dfw5-2.cdninstagram.com/v/t51.2885-15/559939888_18534322729048578_1595922605567183740_n.jpg?stp=dst-jpg_e15_fr_p1080x1080_tt6&_nc_ht=scontent-dfw5-2.cdninstagram.com&_nc_cat=106&_nc_oc=Q6cZ2QG84WJdbgPHkjgO-7R4NWDdDJDapX4F7VN7Zq4FIz4zXpbeLLyQmkF1ojvKMNyjoqE&_nc_ohc=xaf5wjidLp4Q7kNvwGUhHvp&_nc_gid=1ovHxQMCWDSABU79t2TPnA&edm=APs17CUBAAAA&ccb=7-5&oh=00_AfcPZbdBAH5rgQybYC4Mghm4WAMBsp2cWgNHScY4_pPPgw&oe=68EDD3DB&_nc_sid=10d13b",,,,,
"🗞️🗞️🗞️

#SWBreaking
Bihar | Darjeeling | Adani | Dating Apps |
Indian Railways |","55","-1","Sidecar",,"2025-10-08T04:40:05.000Z","https://scontent-msp1-1.cdninstagram.com/v/t51.2885-15/561768638_18534702313048578_1212376847914318550_n.jpg?stp=dst-jpg_e15_tt6&_nc_ht=scontent-msp1-1.cdninstagram.com&_nc_cat=106&_nc_oc=Q6cZ2QFHt3CXl0DcipiRtlvaLicB5Hfx8i8fi4LXFBCC6z3_B0ONpxblbI8jwlSR6KX5jtU&_nc_ohc=uPFBEiN5W2wQ7kNvwFJCLFj&_nc_gid=PHalE0tfJT09ud72owcRNw&edm=APs17CUBAAAA&ccb=7-5&oh=00_AffYM1W23fgSzQbE435mTFXgFb0CZSUyutJzMnk7PTYoiQ&oe=68EDD6CF&_nc_sid=10d13b","https://scontent-msp1-1.cdninstagram.com/v/t51.2885-15/560583200_18534702061048578_9000722835493446445_n.jpg?stp=dst-jpg_e15_fr_p1080x1080_tt6&_nc_ht=scontent-msp1-1.cdninstagram.com&_nc_cat=106&_nc_oc=Q6cZ2QFHt3CXl0DcipiRtlvaLicB5Hfx8i8fi4LXFBCC6z3_B0ONpxblbI8jwlSR6KX5jtU&_nc_ohc=sOwl__V8hPwQ7kNvwEvqwEq&_nc_gid=PHalE0tfJT09ud72owcRNw&edm=APs17CUBAAAA&ccb=7-5&oh=00_Afem-yNAuNz4N2xFKf2uBV7pcXWD7hkpe7wxkkYxZ8nUxA&oe=68EDA654&_nc_sid=10d13b","https://scontent-msp1-1.cdninstagram.com/v/t51.2885-15/561653025_18534702070048578_2427781690397941216_n.jpg?stp=dst-jpg_e15_fr_p1080x1080_tt6&_nc_ht=scontent-msp1-1.cdninstagram.com&_nc_cat=106&_nc_oc=Q6cZ2QFHt3CXl0DcipiRtlvaLicB5Hfx8i8fi4LXFBCC6z3_B0ONpxblbI8jwlSR6KX5jtU&_nc_ohc=9KCWaZuVZpwQ7kNvwGhwP-b&_nc_gid=PHalE0tfJT09ud72owcRNw&edm=APs17CUBAAAA&ccb=7-5&oh=00_Aff2O167EcQVQe1FKl-RVzQyjrgnzJzJqtfb8qk9jgqeuw&oe=68EDA56E&_nc_sid=10d13b","https://scontent-msp1-1.cdninstagram.com/v/t51.2885-15/560560854_18534702079048578_8181118525945881845_n.jpg?stp=dst-jpg_e15_fr_p1080x1080_tt6&_nc_ht=scontent-msp1-1.cdninstagram.com&_nc_cat=106&_nc_oc=Q6cZ2QFHt3CXl0DcipiRtlvaLicB5Hfx8i8fi4LXFBCC6z3_B0ONpxblbI8jwlSR6KX5jtU&_nc_ohc=SkfJae5XdGEQ7kNvwG53BuN&_nc_gid=PHalE0tfJT09ud72owcRNw&edm=APs17CUBAAAA&ccb=7-5&oh=00_AffphVKRmA5pWBtbsh8Po2iIt-7dKEthhrDjAYB_zojp0w&oe=68EDA19E&_nc_sid=10d13b","https://scontent-msp1-1.cdninstagram.com/v/t51.2885-15/561839860_18534702088048578_107137170587753951_n.jpg?stp=dst-jpg_e15_fr_p1080x1080_tt6&_nc_ht=scontent-msp1-1.cdninstagram.com&_nc_cat=106&_nc_oc=Q6cZ2QFHt3CXl0DcipiRtlvaLicB5Hfx8i8fi4LXFBCC6z3_B0ONpxblbI8jwlSR6KX5jtU&_nc_ohc=O_YfkiHyHdIQ7kNvwEz8oX_&_nc_gid=PHalE0tfJT09ud72owcRNw&edm=APs17CUBAAAA&ccb=7-5&oh=00_Afd0nUvguqQkKKhmfGTfRfQgjwUNH5muZVI79rDZHwkpfA&oe=68EDBB03&_nc_sid=10d13b","https://scontent-msp1-1.cdninstagram.com/v/t51.2885-15/558970728_18534702097048578_2263533597880188837_n.jpg?stp=dst-jpg_e15_fr_p1080x1080_tt6&_nc_ht=scontent-msp1-1.cdninstagram.com&_nc_cat=106&_nc_oc=Q6cZ2QFHt3CXl0DcipiRtlvaLicB5Hfx8i8fi4LXFBCC6z3_B0ONpxblbI8jwlSR6KX5jtU&_nc_ohc=95P5m14MN_kQ7kNvwFgvZtc&_nc_gid=PHalE0tfJT09ud72owcRNw&edm=APs17CUBAAAA&ccb=7-5&oh=00_AfdXGQMxdsetYo40Ao827ASlDrfI-x4b2xfkTHbf2TD9PQ&oe=68EDCF87&_nc_sid=10d13b",,,,,,,
"🗞️🗞️🗞️

Ranveer Allahbadia | Beer Biceps | India’s Got Latent | Kantara | Taylor Swift | Ed Sheeran","45","-1","Sidecar",,"2025-10-07T18:01:57.000Z","https://scontent-lga3-3.cdninstagram.com/v/t51.2885-15/560427129_18534605749048578_3574507647341911132_n.jpg?stp=dst-jpg_e15_fr_p1080x1080_tt6&_nc_ht=scontent-lga3-3.cdninstagram.com&_nc_cat=106&_nc_oc=Q6cZ2QF7a3TZb1n8cMyNpcOTj6Us6C4SuJAkjRSsiAGZ4_CntX3WTsr3U1eudtIuNiYsP8zqe6h-_CFFGH2qDffLP6HO&_nc_ohc=qpoU9SQihQUQ7kNvwFhJgym&_nc_gid=B09lAfJauxZ2UNBGTXO5CQ&edm=APs17CUBAAAA&ccb=7-5&oh=00_Aff67xviAxwvo4f7hL9os8I_drU1oCMAMpjp-UVNb_l6Lg&oe=68EDB5DE&_nc_sid=10d13b","https://scontent-lga3-3.cdninstagram.com/v/t51.2885-15/560618283_18534605758048578_5188060532350667528_n.jpg?stp=dst-jpg_e15_fr_p1080x1080_tt6&_nc_ht=scontent-lga3-3.cdninstagram.com&_nc_cat=106&_nc_oc=Q6cZ2QF7a3TZb1n8cMyNpcOTj6Us6C4SuJAkjRSsiAGZ4_CntX3WTsr3U1eudtIuNiYsP8zqe6h-_CFFGH2qDffLP6HO&_nc_ohc=Y6Iwrl3JXrsQ7kNvwHtBMJV&_nc_gid=B09lAfJauxZ2UNBGTXO5CQ&edm=APs17CUBAAAA&ccb=7-5&oh=00_AffBSOocoYHRicnqauIifNdK99iRUTqvkExjpM0Nu-lAig&oe=68EDB2F9&_nc_sid=10d13b","https://scontent-lga3-3.cdninstagram.com/v/t51.2885-15/560431789_18534605767048578_6969053262270437562_n.jpg?stp=dst-jpg_e15_fr_p1080x1080_tt6&_nc_ht=scontent-lga3-3.cdninstagram.com&_nc_cat=106&_nc_oc=Q6cZ2QF7a3TZb1n8cMyNpcOTj6Us6C4SuJAkjRSsiAGZ4_CntX3WTsr3U1eudtIuNiYsP8zqe6h-_CFFGH2qDffLP6HO&_nc_ohc=H_G7XDKD0r8Q7kNvwH1L6qd&_nc_gid=B09lAfJauxZ2UNBGTXO5CQ&edm=APs17CUBAAAA&ccb=7-5&oh=00_Afd1b8UZaAzNnPIXQ4RN4Bc4YUo7zrwML9W_bC8yin0fzw&oe=68EDB604&_nc_sid=10d13b","https://scontent-lga3-3.cdninstagram.com/v/t51.2885-15/559877620_18534605785048578_3511663480634731453_n.jpg?stp=dst-jpg_e15_fr_p1080x1080_tt6&_nc_ht=scontent-lga3-3.cdninstagram.com&_nc_cat=106&_nc_oc=Q6cZ2QF7a3TZb1n8cMyNpcOTj6Us6C4SuJAkjRSsiAGZ4_CntX3WTsr3U1eudtIuNiYsP8zqe6h-_CFFGH2qDffLP6HO&_nc_ohc=n9e5on97lHIQ7kNvwH8hMyP&_nc_gid=B09lAfJauxZ2UNBGTXO5CQ&edm=APs17CUBAAAA&ccb=7-5&oh=00_AfeGN4-R4gEHGqgpTxAyywV8WK-MQx_ewJWwFxa1nfuJgQ&oe=68EDD2CF&_nc_sid=10d13b","https://scontent-lga3-3.cdninstagram.com/v/t51.2885-15/560066424_18534605782048578_5857562335272421094_n.jpg?stp=dst-jpg_e15_fr_p1080x1080_tt6&_nc_ht=scontent-lga3-3.cdninstagram.com&_nc_cat=106&_nc_oc=Q6cZ2QF7a3TZb1n8cMyNpcOTj6Us6C4SuJAkjRSsiAGZ4_CntX3WTsr3U1eudtIuNiYsP8zqe6h-_CFFGH2qDffLP6HO&_nc_ohc=kWqOSyanUR4Q7kNvwF-6A_g&_nc_gid=B09lAfJauxZ2UNBGTXO5CQ&edm=APs17CUBAAAA&ccb=7-5&oh=00_AfeNXw4S4dQikaln-DXwNfVcOxtaDD6cM8XOgO3mb1lvrQ&oe=68EDB40F&_nc_sid=10d13b","https://scontent-lga3-3.cdninstagram.com/v/t51.2885-15/561009435_18534605803048578_6691304538319066143_n.jpg?stp=dst-jpg_e15_fr_p1080x1080_tt6&_nc_ht=scontent-lga3-3.cdninstagram.com&_nc_cat=106&_nc_oc=Q6cZ2QF7a3TZb1n8cMyNpcOTj6Us6C4SuJAkjRSsiAGZ4_CntX3WTsr3U1eudtIuNiYsP8zqe6h-_CFFGH2qDffLP6HO&_nc_ohc=4iXctLFKL_0Q7kNvwHkLhnD&_nc_gid=B09lAfJauxZ2UNBGTXO5CQ&edm=APs17CUBAAAA&ccb=7-5&oh=00_AffsL8wJa67juIxB1rePHjrw8Ga1vtBUX05-_IxBo7j5Jw&oe=68EDCED3&_nc_sid=10d13b","https://scontent-lga3-3.cdninstagram.com/v/t51.2885-15/561168280_18534605800048578_382082313505762139_n.jpg?stp=dst-jpg_e15_fr_p1080x1080_tt6&_nc_ht=scontent-lga3-3.cdninstagram.com&_nc_cat=106&_nc_oc=Q6cZ2QF7a3TZb1n8cMyNpcOTj6Us6C4SuJAkjRSsiAGZ4_CntX3WTsr3U1eudtIuNiYsP8zqe6h-_CFFGH2qDffLP6HO&_nc_ohc=KrwbbLGcR90Q7kNvwGccQUe&_nc_gid=B09lAfJauxZ2UNBGTXO5CQ&edm=APs17CUBAAAA&ccb=7-5&oh=00_AfdS1p4fGxlIFaJs0T7ZbE-CDazPQyl_ulcerL_leFC74w&oe=68EDCEDA&_nc_sid=10d13b",,,,,,
"🗞️🗞️🗞️

#SWBreaking","6","-1","Sidecar",,"2025-10-07T04:00:00.000Z","https://scontent-lax3-2.cdninstagram.com/v/t51.2885-15/559911326_18534340081048578_6437893915587634010_n.jpg?stp=dst-jpg_e15_fr_p1080x1080_tt6&_nc_ht=scontent-lax3-2.cdninstagram.com&_nc_cat=106&_nc_oc=Q6cZ2QESKeYhZKYhqn5MYhWf52NAJuaSDM2kn__yxnT6gc7rXw0px0ouqH6lEs2p0d8eqpE&_nc_ohc=5YodIiODRhcQ7kNvwFvYzOx&_nc_gid=IGfabkDySli6PlxOc_C6Eg&edm=APs17CUBAAAA&ccb=7-5&oh=00_Afe6q1UA5sWFSzXe46F4sY6scuiejVRyxxIEJMJVwDLcLQ&oe=68EDB577&_nc_sid=10d13b","https://scontent-lax3-2.cdninstagram.com/v/t51.2885-15/560083760_18534340090048578_8766860533033020804_n.jpg?stp=dst-jpg_e15_fr_p1080x1080_tt6&_nc_ht=scontent-lax3-2.cdninstagram.com&_nc_cat=106&_nc_oc=Q6cZ2QESKeYhZKYhqn5MYhWf52NAJuaSDM2kn__yxnT6gc7rXw0px0ouqH6lEs2p0d8eqpE&_nc_ohc=8K-DLE2ilBwQ7kNvwH6vGw2&_nc_gid=IGfabkDySli6PlxOc_C6Eg&edm=APs17CUBAAAA&ccb=7-5&oh=00_AfcQVum1unM_UGslIMmecj0U9R6k2I44NvzAmwtJtgxMkw&oe=68EDC133&_nc_sid=10d13b","https://scontent-lax3-2.cdninstagram.com/v/t51.2885-15/561228239_18534340105048578_2693028128817669011_n.jpg?stp=dst-jpg_e15_fr_p1080x1080_tt6&_nc_ht=scontent-lax3-2.cdninstagram.com&_nc_cat=106&_nc_oc=Q6cZ2QESKeYhZKYhqn5MYhWf52NAJuaSDM2kn__yxnT6gc7rXw0px0ouqH6lEs2p0d8eqpE&_nc_ohc=zdgOTobwKaIQ7kNvwEStOJG&_nc_gid=IGfabkDySli6PlxOc_C6Eg&edm=APs17CUBAAAA&ccb=7-5&oh=00_AfcYmmBHFPOQDSv-jTGcMqOUWbPhy94uq32sRlUs9Cto4Q&oe=68EDC86A&_nc_sid=10d13b","https://scontent-lax3-2.cdninstagram.com/v/t51.2885-15/561597753_18534340108048578_8763062093598223285_n.jpg?stp=dst-jpg_e15_fr_p1080x1080_tt6&_nc_ht=scontent-lax3-2.cdninstagram.com&_nc_cat=106&_nc_oc=Q6cZ2QESKeYhZKYhqn5MYhWf52NAJuaSDM2kn__yxnT6gc7rXw0px0ouqH6lEs2p0d8eqpE&_nc_ohc=ZMAfHWcuKGgQ7kNvwHPNa4S&_nc_gid=IGfabkDySli6PlxOc_C6Eg&edm=APs17CUBAAAA&ccb=7-5&oh=00_Afduk4A0dJopmLrbFsdvkxzA5i6NYY9HnRMv6pEL5BN2VA&oe=68EDC24C&_nc_sid=10d13b","https://scontent-lax3-2.cdninstagram.com/v/t51.2885-15/561629723_18534340129048578_7870270306879494866_n.jpg?stp=dst-jpg_e15_fr_p1080x1080_tt6&_nc_ht=scontent-lax3-2.cdninstagram.com&_nc_cat=106&_nc_oc=Q6cZ2QESKeYhZKYhqn5MYhWf52NAJuaSDM2kn__yxnT6gc7rXw0px0ouqH6lEs2p0d8eqpE&_nc_ohc=iBnzHOPbL9MQ7kNvwFd0sXD&_nc_gid=IGfabkDySli6PlxOc_C6Eg&edm=APs17CUBAAAA&ccb=7-5&oh=00_AfdOoqtQTA6d5Z5KZWxI2ewX67iG5O34Bvb3Qf2CJBDg_w&oe=68EDB1BA&_nc_sid=10d13b","https://scontent-lax3-2.cdninstagram.com/v/t51.2885-15/559680150_18534340135048578_2935687939719019082_n.jpg?stp=dst-jpg_e15_fr_p1080x1080_tt6&_nc_ht=scontent-lax3-2.cdninstagram.com&_nc_cat=106&_nc_oc=Q6cZ2QESKeYhZKYhqn5MYhWf52NAJuaSDM2kn__yxnT6gc7rXw0px0ouqH6lEs2p0d8eqpE&_nc_ohc=tViAh8ua3oEQ7kNvwHuW2M5&_nc_gid=IGfabkDySli6PlxOc_C6Eg&edm=APs17CUBAAAA&ccb=7-5&oh=00_AffI-KkTy5nO1OVUTVKEG4j1YcLfHYUVauwJxG2ePryizw&oe=68EDA220&_nc_sid=10d13b","https://scontent-lax3-2.cdninstagram.com/v/t51.2885-15/560633635_18534340144048578_6817480637437334045_n.jpg?stp=dst-jpg_e15_fr_p1080x1080_tt6&_nc_ht=scontent-lax3-2.cdninstagram.com&_nc_cat=106&_nc_oc=Q6cZ2QESKeYhZKYhqn5MYhWf52NAJuaSDM2kn__yxnT6gc7rXw0px0ouqH6lEs2p0d8eqpE&_nc_ohc=AHYGj0ZjcMMQ7kNvwFviNQs&_nc_gid=IGfabkDySli6PlxOc_C6Eg&edm=APs17CUBAAAA&ccb=7-5&oh=00_Affkqs9NPiM1Bo8dwOhH8UB46fTMEOLxLy3Rcm-L3ST59g&oe=68EDB6B4&_nc_sid=10d13b","https://scontent-lax3-2.cdninstagram.com/v/t51.2885-15/560382734_18534340132048578_8212287027027423585_n.jpg?stp=dst-jpg_e15_fr_p1080x1080_tt6&_nc_ht=scontent-lax3-2.cdninstagram.com&_nc_cat=106&_nc_oc=Q6cZ2QESKeYhZKYhqn5MYhWf52NAJuaSDM2kn__yxnT6gc7rXw0px0ouqH6lEs2p0d8eqpE&_nc_ohc=0_pAbR30qVYQ7kNvwFgmR9h&_nc_gid=IGfabkDySli6PlxOc_C6Eg&edm=APs17CUBAAAA&ccb=7-5&oh=00_AfejEMWXLbP2vV6ifZvFbOM4jkoDE8EhiKtzxQcU89eGuA&oe=68EDA73B&_nc_sid=10d13b",,,,,
"Multiverse of madness👀

Ananya Pandey | Pedro Pascal | Crossover","107","16681","Video","259499","2025-10-07T07:39:02.000Z",,,,,,,,,,,,,
