"caption","commentsCount","likesCount","type","videoViewCount","timestamp","images/0","images/1","images/2","images/3","images/4","images/5","images/6","images/7"
"""How can we develop as a nation or society when there is so much to deal with on a daily basis. Our entire personality and bandwidth goes into staying safe, staying inconspicuous, not attracting too much attention…and even then, there are those that ogle, grope, stalk you or follow you around. You are seen a little too much, whereas, the other side of the problem is that you are seen not at all, MKA writes on Youth Ki Awaaz.

[Conformity, India, youth, wings, freedom, society, pressure, individuality, education, expectations, culture, rebellion, empowerment, potential, creativity, mental health, career, aspirations, dreams, social norms, restrictions, mindset, self-expression, liberation, generation, future, talent, ambition, rights, change, innovation, motivation, inspiration, leadership, awakening, resilience, voice, opportunity, personal growth, social change]

#ConformityInIndia #YouthEmpowerment #BreakTheChains #FlyHigh #SocialChange #IndiaYouth #IndividualityMatters #FreedomToGrow #EmpowerTheYouth #CreativityUnleashed #DreamBigIndia #SocietalPressure #MentalHealthAwareness #BeYourself #YouthVoices #PotentialUnleashed #GenerationChange #AspireToInspire #ChallengeNorms #FutureLeaders #InnovationIndia #MotivationForYouth #SelfExpressionMatters #IndiaRising #ChangeMakers #frredom #privacy #fyp #explorepage #foryourpage","2","334","Sidecar",,"2025-10-08T07:36:58.000Z","https://scontent-hou1-1.cdninstagram.com/v/t51.2885-15/560322592_18532075066043990_969879445019551919_n.webp?stp=dst-jpg_e35_p1080x1080_sh0.08_tt6&_nc_ht=scontent-hou1-1.cdninstagram.com&_nc_cat=102&_nc_oc=Q6cZ2QG48eQLo7iac28fxX2FpjsQUAfbPkBdD0aUosbkq-PZhDF-seOMkUQtJmdkRSRm8Ug&_nc_ohc=d685409haeQQ7kNvwHzh4ZB&_nc_gid=2wPd1oeDAQizRlrRrCwqgA&edm=APs17CUBAAAA&ccb=7-5&oh=00_AfexOhajAoUkgtSx0PwB8WTGLe7GeKaakz4YaD4RiUhfXg&oe=68EDD495&_nc_sid=10d13b","https://scontent-hou1-1.cdninstagram.com/v/t51.2885-15/561816879_18532075075043990_1921281380070249846_n.webp?stp=dst-jpg_e35_p1080x1080_sh0.08_tt6&_nc_ht=scontent-hou1-1.cdninstagram.com&_nc_cat=102&_nc_oc=Q6cZ2QG48eQLo7iac28fxX2FpjsQUAfbPkBdD0aUosbkq-PZhDF-seOMkUQtJmdkRSRm8Ug&_nc_ohc=B26if11iRN4Q7kNvwGvSBnR&_nc_gid=2wPd1oeDAQizRlrRrCwqgA&edm=APs17CUBAAAA&ccb=7-5&oh=00_Afe6UFq0g2j_NEf8WLjx0kYpC5444W1kiImLV6fKSr8NcQ&oe=68EDBD77&_nc_sid=10d13b","https://scontent-hou1-1.cdninstagram.com/v/t51.2885-15/560328097_18532075084043990_7980021887649531214_n.webp?stp=dst-jpg_e35_p1080x1080_sh0.08_tt6&_nc_ht=scontent-hou1-1.cdninstagram.com&_nc_cat=102&_nc_oc=Q6cZ2QG48eQLo7iac28fxX2FpjsQUAfbPkBdD0aUosbkq-PZhDF-seOMkUQtJmdkRSRm8Ug&_nc_ohc=IrWH_PSxKLoQ7kNvwG69zCd&_nc_gid=2wPd1oeDAQizRlrRrCwqgA&edm=APs17CUBAAAA&ccb=7-5&oh=00_AfckXA_wYo9TmbURYnzwBwMohJdaFzIdzKRAzjGm3yAe4w&oe=68EDC558&_nc_sid=10d13b","https://scontent-hou1-1.cdninstagram.com/v/t51.2885-15/560426685_18532075093043990_7889115698740504363_n.webp?stp=dst-jpg_e35_p1080x1080_sh0.08_tt6&_nc_ht=scontent-hou1-1.cdninstagram.com&_nc_cat=102&_nc_oc=Q6cZ2QG48eQLo7iac28fxX2FpjsQUAfbPkBdD0aUosbkq-PZhDF-seOMkUQtJmdkRSRm8Ug&_nc_ohc=3K8OvMgb9AQQ7kNvwG_DQyV&_nc_gid=2wPd1oeDAQizRlrRrCwqgA&edm=APs17CUBAAAA&ccb=7-5&oh=00_Afc9xzcaJac4kyw2fwZg1YjOVYP1SYQFUSRDHOxUVxa4tw&oe=68EDA534&_nc_sid=10d13b","https://scontent-hou1-1.cdninstagram.com/v/t51.2885-15/560576839_18532075102043990_3763390422925652264_n.webp?stp=dst-jpg_e35_p1080x1080_sh0.08_tt6&_nc_ht=scontent-hou1-1.cdninstagram.com&_nc_cat=102&_nc_oc=Q6cZ2QG48eQLo7iac28fxX2FpjsQUAfbPkBdD0aUosbkq-PZhDF-seOMkUQtJmdkRSRm8Ug&_nc_ohc=sZSeOcRTPosQ7kNvwFfuuLt&_nc_gid=2wPd1oeDAQizRlrRrCwqgA&edm=APs17CUBAAAA&ccb=7-5&oh=00_AffBjPy8K10AigG91UBlA3JV5HPULeTYmBlVoMn9BRMEYw&oe=68EDC643&_nc_sid=10d13b",,,
"""Sonbhadra’s fluoride crisis is not an abstract statistic. It is a collection of households with broken backs, children who miss school, weaker harvests and smaller pay packets. The numbers from government reports and independent surveys show that the problem is large, persistent and widening.

If policymakers, civil society and regional industry can move with urgency and transparency, Sonbhadra’s story need not be one of slow disintegration — it can become, instead, a case study in reversing environmental health injustice,"" Lokendra writes on Youth Ki Awaaz.

[Sonbhadra, fluoride crisis, water contamination, groundwater pollution, fluorosis, skeletal fluorosis, dental fluorosis, toxic water, health crisis, environmental justice, water crisis India, rural India, Uttar Pradesh, clean water access, Jal Nigam report, mining pollution, coal plants India, industrial contamination, environmental health, public health India, slow violence, invisible toxin, environmental inequality, safe drinking water, waterborne diseases, sustainable water management, defluoridation, climate justice India, rural livelihoods, health inequality, Sonbhadra villagers, environmental policy India, groundwater testing, safe water delivery, Indian environment, rural health crisis, community awareness, local governance, waterborne toxins, social impact]

#Sonbhadra #FluorideCrisis #WaterCrisisIndia #EnvironmentalJustice #ToxicWater #GroundwaterPollution #Fluorosis #CleanWaterForAll #UttarPradesh #EnvironmentalHealth #PublicHealthIndia #RuralIndia #InvisibleCrisis #SafeWaterNow #uttarpradeshnews #EnvironmentalAwareness #HealthInequality #WaterContamination #SustainableDevelopment #IndiaEnvironment #RuralLivesMatter #HealthJustice #SaveSonbhadra #WaterIsLife #YouthKiAwaaz #fyp #explorepage #foryourpage #ɢᴏᴠɪʀᴀʟ","0","68","Sidecar",,"2025-10-08T12:30:33.000Z","https://scontent-sjc3-1.cdninstagram.com/v/t51.2885-15/561604704_18532136320043990_4391721068998833025_n.webp?stp=dst-jpg_e35_p1080x1080_sh0.08_tt6&_nc_ht=scontent-sjc3-1.cdninstagram.com&_nc_cat=102&_nc_oc=Q6cZ2QHWnq-Kf8hJ_0Lv2QN5JoapY1d8ffxx6SPQEET9GCcDXHynz_w1pbE2Mn7uiDZGPGM&_nc_ohc=AcZl_efkN_EQ7kNvwHFRDay&_nc_gid=qU3a79zTGSQdFaYIm-HO_Q&edm=APs17CUBAAAA&ccb=7-5&oh=00_AffwTK1rjSaO3bmsJGBmOsnxua4-goGb9lOTlj8em41OKA&oe=68EDBA8B&_nc_sid=10d13b","https://scontent-sjc3-1.cdninstagram.com/v/t51.2885-15/560315495_18532136335043990_56095975413234419_n.webp?stp=dst-jpg_e35_p1080x1080_sh0.08_tt6&_nc_ht=scontent-sjc3-1.cdninstagram.com&_nc_cat=102&_nc_oc=Q6cZ2QHWnq-Kf8hJ_0Lv2QN5JoapY1d8ffxx6SPQEET9GCcDXHynz_w1pbE2Mn7uiDZGPGM&_nc_ohc=5mAreRfTF94Q7kNvwE2OamX&_nc_gid=qU3a79zTGSQdFaYIm-HO_Q&edm=APs17CUBAAAA&ccb=7-5&oh=00_Afd8JbKRaDDu7fhixQPmjfCdQPktfeaZpun9xwXyQaJyqQ&oe=68EDBB71&_nc_sid=10d13b","https://scontent-sjc3-1.cdninstagram.com/v/t51.2885-15/561226620_18532136338043990_4894402055810278749_n.webp?stp=dst-jpg_e35_p1080x1080_sh0.08_tt6&_nc_ht=scontent-sjc3-1.cdninstagram.com&_nc_cat=102&_nc_oc=Q6cZ2QHWnq-Kf8hJ_0Lv2QN5JoapY1d8ffxx6SPQEET9GCcDXHynz_w1pbE2Mn7uiDZGPGM&_nc_ohc=KaFaWrpFcHcQ7kNvwE6MMSK&_nc_gid=qU3a79zTGSQdFaYIm-HO_Q&edm=APs17CUBAAAA&ccb=7-5&oh=00_AfeARj_I2Lnjl6vnXFjtMMAQvyqHZ4rBhqEUTn575lrA7Q&oe=68EDCEC8&_nc_sid=10d13b","https://scontent-sjc3-1.cdninstagram.com/v/t51.2885-15/561862248_18532136347043990_880275904317468557_n.webp?stp=dst-jpg_e35_p1080x1080_sh0.08_tt6&_nc_ht=scontent-sjc3-1.cdninstagram.com&_nc_cat=102&_nc_oc=Q6cZ2QHWnq-Kf8hJ_0Lv2QN5JoapY1d8ffxx6SPQEET9GCcDXHynz_w1pbE2Mn7uiDZGPGM&_nc_ohc=Hi5V2kKMsSoQ7kNvwFenEiB&_nc_gid=qU3a79zTGSQdFaYIm-HO_Q&edm=APs17CUBAAAA&ccb=7-5&oh=00_AfeVKuhr-PWtylU0b36yntZlvKNVZcWOhLJwJkol0F70NA&oe=68EDCC41&_nc_sid=10d13b","https://scontent-sjc3-1.cdninstagram.com/v/t51.2885-15/561043473_18532136356043990_8666871849127196052_n.webp?stp=dst-jpg_e35_p1080x1080_sh0.08_tt6&_nc_ht=scontent-sjc3-1.cdninstagram.com&_nc_cat=102&_nc_oc=Q6cZ2QHWnq-Kf8hJ_0Lv2QN5JoapY1d8ffxx6SPQEET9GCcDXHynz_w1pbE2Mn7uiDZGPGM&_nc_ohc=3rfodvkKWi0Q7kNvwF8LLnd&_nc_gid=qU3a79zTGSQdFaYIm-HO_Q&edm=APs17CUBAAAA&ccb=7-5&oh=00_Afe0JQ5oj-ErbHlBx_ns-Dj2kzS4eb6IJCtHISo7_A8Xjw&oe=68EDBFBB&_nc_sid=10d13b",,,
"How easy is it to move around Bengaluru on foot? For some, the city feels connected - short walks to the store, the bus stop, or a park. For many others, broken roads, missing sidewalks, and inaccessible paths make even a simple trip exhausting, unsafe, or impossible.

Walkability goes beyond having sidewalks; it’s about safety, comfort, and the ability to reach what you need in your daily life. Accessibility matters - smooth paths, shaded streets, reliable public transit, and spaces designed for people with disabilities or chronic illnesses.

When cities consider these realities, they become not just easier to navigate but also more resilient to the growing challenges of heat, floods, and other climate impacts.

How can urban design, inclusive infrastructure, and walkable streets help Bengaluru adapt to climate change and work for all its residents?

We want to hear from you: How does Bengaluru include or exclude its residents in building a climate-resilient city? Share your story at www.youthkiawaaz.com and help imagine a more walkable, accessible, and resilient Bengaluru.

[Bengaluru, walkability, accessibility, inclusive city, urban design, climate resilience, pedestrian safety, public transit, city climate pulse, friendly, urban mobility]

Image on slide 4: Prateek Khandelwal.

#Bengalurufloods #Walkability #ClimateResilience #InclusiveCity #UrbanDesign #AccessibilityMatters #PedestrianSafety #PublicTransit #DisabledFriendly #UrbanMobility #ClimateAction #CityForAll #SustainableCities #SmartCity #PeopleFirst #cityclimatepulse #disabilityinclusion #inclusivecities #urbanresilience #climateforall #bengaluru #fyp #explorepage #ｆｏｒｙｏｕｒｐａｇｅ","0","55","Sidecar",,"2025-10-09T12:31:44.000Z","https://scontent-atl3-2.cdninstagram.com/v/t51.2885-15/562166434_18532318960043990_8876073924501297363_n.webp?stp=dst-jpg_e35_p1080x1080_sh0.08_tt6&_nc_ht=scontent-atl3-2.cdninstagram.com&_nc_cat=102&_nc_oc=Q6cZ2QHuzCgiJDrEwSJL7WcJvZ3j3XWOiJ6PAL_Ms_e0T7hygtF70x0YiXcA3cV_d26Po2Y&_nc_ohc=MqSLFvHKAM4Q7kNvwFZVTxT&_nc_gid=lgt2KvDAioQrPw20YXGVpA&edm=APs17CUBAAAA&ccb=7-5&oh=00_AfeOHrlC4pjGHx-S0Rre4F2J1X8621FFbnCM0J4u1icdNQ&oe=68EDC02F&_nc_sid=10d13b","https://scontent-atl3-2.cdninstagram.com/v/t51.2885-15/561900207_18532318975043990_4576904362805528647_n.webp?stp=dst-jpg_e35_p1080x1080_sh0.08_tt6&_nc_ht=scontent-atl3-2.cdninstagram.com&_nc_cat=102&_nc_oc=Q6cZ2QHuzCgiJDrEwSJL7WcJvZ3j3XWOiJ6PAL_Ms_e0T7hygtF70x0YiXcA3cV_d26Po2Y&_nc_ohc=ubBK2r0CpgwQ7kNvwHBonh8&_nc_gid=lgt2KvDAioQrPw20YXGVpA&edm=APs17CUBAAAA&ccb=7-5&oh=00_AfcFWtLOYKIhN0WVgC-Pn6GSXto_R7MEzLIlijwaYDXXGA&oe=68EDC0E8&_nc_sid=10d13b","https://scontent-atl3-2.cdninstagram.com/v/t51.2885-15/560369757_18532318978043990_3549840611597208313_n.webp?stp=dst-jpg_e35_p1080x1080_sh0.08_tt6&_nc_ht=scontent-atl3-2.cdninstagram.com&_nc_cat=102&_nc_oc=Q6cZ2QHuzCgiJDrEwSJL7WcJvZ3j3XWOiJ6PAL_Ms_e0T7hygtF70x0YiXcA3cV_d26Po2Y&_nc_ohc=OCrM4ly2ATUQ7kNvwE4XoJf&_nc_gid=lgt2KvDAioQrPw20YXGVpA&edm=APs17CUBAAAA&ccb=7-5&oh=00_Affk2vSqP2tmhA8ySb2VLYFaS27qUstQXx90IRtijhYdQQ&oe=68EDB16A&_nc_sid=10d13b","https://scontent-atl3-2.cdninstagram.com/v/t51.2885-15/561245535_18532318987043990_5983361909544527643_n.webp?stp=dst-jpg_e35_p1080x1080_sh0.08_tt6&_nc_ht=scontent-atl3-2.cdninstagram.com&_nc_cat=102&_nc_oc=Q6cZ2QHuzCgiJDrEwSJL7WcJvZ3j3XWOiJ6PAL_Ms_e0T7hygtF70x0YiXcA3cV_d26Po2Y&_nc_ohc=EL3QWUkhEAgQ7kNvwGgXYw8&_nc_gid=lgt2KvDAioQrPw20YXGVpA&edm=APs17CUBAAAA&ccb=7-5&oh=00_AfdKWpI4P2W0s8-BymUNQitPZeajtzOVdzbQfIIvsukInA&oe=68EDB94E&_nc_sid=10d13b","https://scontent-atl3-2.cdninstagram.com/v/t51.2885-15/560322484_18532318996043990_3075563936045262950_n.webp?stp=dst-jpg_e35_p1080x1080_sh0.08_tt6&_nc_ht=scontent-atl3-2.cdninstagram.com&_nc_cat=102&_nc_oc=Q6cZ2QHuzCgiJDrEwSJL7WcJvZ3j3XWOiJ6PAL_Ms_e0T7hygtF70x0YiXcA3cV_d26Po2Y&_nc_ohc=PqB022UtwLsQ7kNvwFyUPR_&_nc_gid=lgt2KvDAioQrPw20YXGVpA&edm=APs17CUBAAAA&ccb=7-5&oh=00_AffAjgSsuaAEe_L_29oRXhcvOCUeN7ED_2liQy1Uxk_iTw&oe=68EDC8D1&_nc_sid=10d13b",,,
"“प्रेमचंद कल-कारखानों के तत्कालीन हालात से रचनाकर्म के स्तर तक आंदोलित हुए, मज़दूर अथवा मिल मज़दूर को उस पीड़ा की संवेदना तौर पर देखा जाना चाहिए। बंबई आ जाने बाद प्रेमचंद के हालात में बहुत हद तक सुधार आया। किन्तु यह परिवर्तन दीर्घकाल तक टिक ना सका।” यूथ की आवाज़ हिंदी पर सैयद तैयब शाहबाज लिखते हैं।

Image on slide 1: Film History Pic on X
Image on slide 2: The Past

#PremchandDeathAnniversary #MunshiPremchand #MillMazdoor #HindiCinema #PremchandFilm #IndianCinema #WorkingClassInCinema #PremchandBiography #LiteratureAndCinema #BombayCinema #PremchandInBombay #IndianLiterature #SocialRealism #FilmHistory #ArtAndSociety #CinemaAndSociety #WritersInCinema #CinematicHistory #CulturalNarratives #fyp #explorepage #foryourpage #goviral

[मुंशी प्रेमचंद, मिल मज़दूर, हिंदी सिनेमा, बंबई का अनुभव, साहित्य और फिल्म, मजदूर वर्ग, शोषण, औद्योगिक समाज, अजंता सिनेटोन, मोहन भवनानी, सामाजिक यथार्थ, प्रेमचंद की पहली फिल्म, फिल्म सेंसरशिप, मजदूर आंदोलन, भारतीय फिल्म इतिहास, लेखन और सिनेमा का संबंध, प्रेमचंद का संघर्ष, फिल्म निर्माण प्रक्रिया, बंबई फिल्म उद्योग]","1","86","Sidecar",,"2025-10-08T06:19:17.000Z","https://scontent-den2-1.cdninstagram.com/v/t51.2885-15/562021534_17874591255426153_5012364446689717604_n.webp?stp=dst-jpg_e35_p1080x1080_sh0.08_tt6&_nc_ht=scontent-den2-1.cdninstagram.com&_nc_cat=109&_nc_oc=Q6cZ2QEQQjDPcQEzaLEZZsOLzQ60I5lxZnzDuxxJZ-4NEW-Bm7pfbZYKsMfChVsjnmrUNAMsYcz1bEbmwrnqZesc2SLY&_nc_ohc=KlHtty9LUYAQ7kNvwFMuLfy&_nc_gid=J2plailbKqtuSjaGBAWFqQ&edm=APs17CUBAAAA&ccb=7-5&oh=00_Afd0e5YTKNQgu-E7_FGE5npGHxup6FMXcby4ziNk2lsceQ&oe=68EDB28F&_nc_sid=10d13b","https://scontent-den2-1.cdninstagram.com/v/t51.2885-15/560540324_17874591267426153_4608485276965621177_n.webp?stp=dst-jpg_e35_p1080x1080_sh0.08_tt6&_nc_ht=scontent-den2-1.cdninstagram.com&_nc_cat=109&_nc_oc=Q6cZ2QEQQjDPcQEzaLEZZsOLzQ60I5lxZnzDuxxJZ-4NEW-Bm7pfbZYKsMfChVsjnmrUNAMsYcz1bEbmwrnqZesc2SLY&_nc_ohc=5TQX_R8EYeEQ7kNvwErjVe9&_nc_gid=J2plailbKqtuSjaGBAWFqQ&edm=APs17CUBAAAA&ccb=7-5&oh=00_AfetYLAyFPvjwo_5U4rEMxNJzbHUAj0PAN0ZHiE2AtYGPw&oe=68EDC840&_nc_sid=10d13b","https://scontent-den2-1.cdninstagram.com/v/t51.2885-15/560046961_17874591273426153_1476298198198739846_n.webp?stp=dst-jpg_e35_p1080x1080_sh0.08_tt6&_nc_ht=scontent-den2-1.cdninstagram.com&_nc_cat=109&_nc_oc=Q6cZ2QEQQjDPcQEzaLEZZsOLzQ60I5lxZnzDuxxJZ-4NEW-Bm7pfbZYKsMfChVsjnmrUNAMsYcz1bEbmwrnqZesc2SLY&_nc_ohc=Iw8MPPdVpCcQ7kNvwGeMnpl&_nc_gid=J2plailbKqtuSjaGBAWFqQ&edm=APs17CUBAAAA&ccb=7-5&oh=00_AfeNpFIkibMubNnjBQMItIyJKI-3rQQxddcNW-imZtinQw&oe=68EDB386&_nc_sid=10d13b","https://scontent-den2-1.cdninstagram.com/v/t51.2885-15/560339458_17874591282426153_4055970946000658774_n.webp?stp=dst-jpg_e35_p1080x1080_sh0.08_tt6&_nc_ht=scontent-den2-1.cdninstagram.com&_nc_cat=109&_nc_oc=Q6cZ2QEQQjDPcQEzaLEZZsOLzQ60I5lxZnzDuxxJZ-4NEW-Bm7pfbZYKsMfChVsjnmrUNAMsYcz1bEbmwrnqZesc2SLY&_nc_ohc=fOXpP9BWqTgQ7kNvwHOStZV&_nc_gid=J2plailbKqtuSjaGBAWFqQ&edm=APs17CUBAAAA&ccb=7-5&oh=00_AfdLTEx2u8dgm82T0sR_RPqzD8_Q6h64t5Aovy5LqKLbNg&oe=68EDC8C1&_nc_sid=10d13b",,,,
"When the Reimagining India series aired in October 2021, Anjali Bharadwaj spoke of a nation where the people - not just the powerful - could demand accountability. She insisted that just India must nurture citizens who ask questions, protect dissenters, and ensure institutions act on those demands.

In recent times, that vision confronts stark reality. Digital journalist Rajeev Pratap, aged 36, went missing on September 18, 2025, and was later found dead in the Bhagirathi River near Joshiyara barrage. Post-mortem findings point to internal injuries consistent with an accident, yet his family alleges foul play linked to his investigations into local corruption. An SIT has been formed, but the questions his death raises - about fear, safety, and institutional response - are the very ones Bharadwaj urged the nation to confront.

Her words echo through moments like these, reminding us that democracy cannot survive if citizens are afraid to ask questions. It's time to carry that vision forward.

Share your own idea of what a fearless, accountable India should look like on Youth Ki Awaaz.

[Anjali Bharadwaj, Rajeev Pratap, Uttarakhand journalist, missing journalist, investigative journalism, Bhagirathi River, Joshiyara barrage, corruption in Uttarakhand, accountability in democracy, citizens’ rights, fearless journalism, media freedom, institutional failure, RTI movement, dissent in India, democratic values, Youth Ki Awaaz, Reimagining India, justice for journalists, truth and power, civic action, people’s voices, questioning authority, human rights India, press freedom]

#RajeevPratap #AnjaliBharadwaj #UttarakhandNews #PressFreedom #FearlessJournalism #AccountabilityMatters #JusticeForJournalists #SpeakTruthToPower #RightToInformation #MediaFreedom #ReimaginingIndia #DemocracyInDanger #reimagining #CitizenVoices #DemandAccountability #InvestigativeJournalism #ProtectDissent #HumanRightsIndia #InstitutionalFailure #VoiceOfThePeople #reelitfeelit #ReelOfTheDay #ReelWithPurpose #explorepage #dissent #protest #incredibleindia #fypppppppppppppppppppppppppppppppppppppppppppppppppppppppppppppppppppppp","15","1093","Video","10624","2025-10-07T15:30:43.000Z",,,,,,,,
"""Your perception shifts a little bit each time you merely hear about it. Now, as expected in a democracy, we openly express different views on what and what not was to be done in Kashmir. But the one fact that everybody jointly board on would be that, whatever it maybe, the commoners bore the scarring brunt of it. Being a victim of attempted foreign invasions, ideological conflicts, political shifts, internal tensions and terror episodes, all in a span of barely 80 years have always casted a dense, unforeseeable mist ahead of Kashmir, which I hope lifts soon,"" Devika writes on Youth Ki Awaaz.

[Kashmir, Pulwama, Pahalgam, Sonmarg, Gulmarg, Srinagar, Dal Lake, Betaab Valley, Aru Valley, Chandanwari, Baisaran Valley, floods in Kashmir, Pulwama attack, Kashmir tourism, Kashmir travel, Kashmiri people, Kashmir conflict, travel story, Indian traveler, travel writing, emotional travelogue, Kashmir tragedy, Kashmir beyond postcards, Kashmir reality, valley of sorrow, Indian Army, nature and loss, mountains of Kashmir, untold Kashmir, Kashmir scars, post flood Kashmir, travelling in conflict zones, humanity in Kashmir, tourism and trauma, Kashmir after Pulwama, travel reflections, India travel blogger, travel emotions, human stories, mountain life]

#KashmirDiaries #Pulwama #Pahalgam #Sonmarg #Gulmarg #Srinagar #DalLake #BetaabValley #TravelStory #KashmirTravel #ValleyOfKashmir #KashmirBeyondPostcards #RealKashmir #TravelIndia #IndianMountains #TravelWithHeart #EmotionalTravel #KashmirToday #KashmirTourism #TravelNarrative #MountainTales #StoryOfKashmir #UntoldIndia #KashmirThroughMyEyes #YouthKiAwaaz #fyp #explorepage #foryourpage #ɢᴏᴠɪʀᴀʟ","0","107","Sidecar",,"2025-10-09T06:25:48.000Z","https://instagram.fmem1-2.fna.fbcdn.net/v/t51.2885-15/561267807_18532285738043990_4286758096979823841_n.webp?stp=dst-jpg_e35_p1080x1080_sh0.08_tt6&_nc_ht=instagram.fmem1-2.fna.fbcdn.net&_nc_cat=102&_nc_oc=Q6cZ2QFeZAxMpyAK6PUvGkEPTqfqtje7R3IVcgJyqOrZNJlupzvg1hMXyXc0ww_-VsfKKis&_nc_ohc=E8GrQt2jLJMQ7kNvwFxU-wp&_nc_gid=ia0q__iG6ntjTmUJH0y-qA&edm=APs17CUBAAAA&ccb=7-5&oh=00_AffN-ZIMUq0Eign311OOgmpr2KOKokKizbaJRFVG8uSXCg&oe=68EDD8AE&_nc_sid=10d13b","https://instagram.fmem1-2.fna.fbcdn.net/v/t51.2885-15/561593149_18532285747043990_2549689165112780021_n.webp?stp=dst-jpg_e35_p1080x1080_sh0.08_tt6&_nc_ht=instagram.fmem1-2.fna.fbcdn.net&_nc_cat=102&_nc_oc=Q6cZ2QFeZAxMpyAK6PUvGkEPTqfqtje7R3IVcgJyqOrZNJlupzvg1hMXyXc0ww_-VsfKKis&_nc_ohc=ZdBPdgmxjggQ7kNvwEkH7Oy&_nc_gid=ia0q__iG6ntjTmUJH0y-qA&edm=APs17CUBAAAA&ccb=7-5&oh=00_Afc9J0TbbNCBaq_JGhxm-F34bCh46HVeJ99zSCK6iKBwKw&oe=68EDD2B9&_nc_sid=10d13b","https://instagram.fmem1-2.fna.fbcdn.net/v/t51.2885-15/561171018_18532285756043990_4597132555399900383_n.webp?stp=dst-jpg_e35_p1080x1080_sh0.08_tt6&_nc_ht=instagram.fmem1-2.fna.fbcdn.net&_nc_cat=102&_nc_oc=Q6cZ2QFeZAxMpyAK6PUvGkEPTqfqtje7R3IVcgJyqOrZNJlupzvg1hMXyXc0ww_-VsfKKis&_nc_ohc=FGTkjm6Vf1YQ7kNvwEMz2pR&_nc_gid=ia0q__iG6ntjTmUJH0y-qA&edm=APs17CUBAAAA&ccb=7-5&oh=00_AfcokVD72ltJVZKzL0eFehUEf3jR9aN71U17QScYPWdIeg&oe=68EDC31C&_nc_sid=10d13b","https://instagram.fmem1-2.fna.fbcdn.net/v/t51.2885-15/561863713_18532285765043990_8050990567281453565_n.webp?stp=dst-jpg_e35_p1080x1080_sh0.08_tt6&_nc_ht=instagram.fmem1-2.fna.fbcdn.net&_nc_cat=102&_nc_oc=Q6cZ2QFeZAxMpyAK6PUvGkEPTqfqtje7R3IVcgJyqOrZNJlupzvg1hMXyXc0ww_-VsfKKis&_nc_ohc=ELXdB8o4AnsQ7kNvwECsLyy&_nc_gid=ia0q__iG6ntjTmUJH0y-qA&edm=APs17CUBAAAA&ccb=7-5&oh=00_AfezTUGUpaZE7Ek7p3ksXlz3wGAZwXhEo8qsTLZHlNv6oA&oe=68EDDAF4&_nc_sid=10d13b","https://instagram.fmem1-2.fna.fbcdn.net/v/t51.2885-15/562006763_18532285774043990_2044843409714974034_n.webp?stp=dst-jpg_e35_p1080x1080_sh0.08_tt6&_nc_ht=instagram.fmem1-2.fna.fbcdn.net&_nc_cat=102&_nc_oc=Q6cZ2QFeZAxMpyAK6PUvGkEPTqfqtje7R3IVcgJyqOrZNJlupzvg1hMXyXc0ww_-VsfKKis&_nc_ohc=mYKYWzLHnpEQ7kNvwF3qbJb&_nc_gid=ia0q__iG6ntjTmUJH0y-qA&edm=APs17CUBAAAA&ccb=7-5&oh=00_AfdlDQrgf8nF2eBJtRRDCiIp_F_10g60b5dW0Zt6DVPuog&oe=68EDB2D4&_nc_sid=10d13b","https://instagram.fmem1-2.fna.fbcdn.net/v/t51.2885-15/561362178_18532285783043990_7306197630591562662_n.webp?stp=dst-jpg_e35_p1080x1080_sh0.08_tt6&_nc_ht=instagram.fmem1-2.fna.fbcdn.net&_nc_cat=102&_nc_oc=Q6cZ2QFeZAxMpyAK6PUvGkEPTqfqtje7R3IVcgJyqOrZNJlupzvg1hMXyXc0ww_-VsfKKis&_nc_ohc=DxxnnjKFb8YQ7kNvwE4Uux2&_nc_gid=ia0q__iG6ntjTmUJH0y-qA&edm=APs17CUBAAAA&ccb=7-5&oh=00_AfdhuiMbQ12OWe-23XNPYD39zKVrj8W06LSy2NyYhoCpPA&oe=68EDCA5D&_nc_sid=10d13b",,
"""Toh muddha pata hai kya hai? Poochho pyar se, aram se, aur kya?"" This line from 'Mard Kaun Hai Asli', a rap created by MTV Nishedh, cuts straight to the heart of the issue: consent is not optional. In a society where toxic masculinity still shapes behavior, this rap challenges men to rethink what it really means to be ""a man.""

Toxic masculinity doesn't just harm individuals - it impacts relationships, families, and society. In India, marital rape continues to be largely invisible in law, and NFHS-5 data shows nearly 30% of women aged 15-49 have experienced physical or s+xual violence from a partner. These statistics reveal a grim reality: lack of consent and normalized coercion affect millions every day.

The rap emphasizes something simple yet revolutionary: respect, communication, and asking matter. Whether it's in marriage, dating, or everyday interactions, consent is a responsibility, not a favor. The message is clear: True strength lies in empathy and respect, not control. Start the conversation, listen carefully, and always ask.

It's your turn: Ask, listen, and respect. Make consent the foundation of every relationship.

[rap music, hindi rap, hip hop india, rap for change, youth rap, social rap, indian rapper, conscious rap, rap culture, rap artist, rap community, underground rap, desi hip hop, rap revolution, rap performance, rap lyrics, feminist rap, awareness rap, indian hip hop, rap movement, rap poetry, spoken word, rap for society, new rap india, rap storytelling]

#MardKaunHaiAsli #RapForChange #DesiHipHop #HindiRap #IndianRappers #HipHopIndia #ConsciousRap #SocialRap #YouthRap #RapCulture #RapArtist #RapReel #SpokenWordIndia #FeministRap #RapMovement #RapLyrics #UndergroundRap #MusicForChange #YoungRappers #InstaRappers #reelitfeelit #ReelWithPurpose #ReelOfTheDay #explorepage #foryourpage #fypppppppppppppppppppppppppppppppppppppppppppppppppppppppppppppppppppppp","1","134","Video","997","2025-10-09T15:29:30.000Z",,,,,,,,
"“Anybody can publish at Youth Ki Awaaz”

Back in 2017, just before the @obamafoundation’s Town Hall in New Delhi, our founder @anshultewari shared the story of why he started Youth Ki Awaaz — a space where anyone, regardless of their background, could write, be heard, and challenge the silence that surrounds critical issues in India.

Since then, we’ve grown into a powerful, people-led community of writers, readers, creators, and changemakers, driven by truth, care, and the belief that everyday stories can spark extraordinary change. On YKA, you don’t need permission to speak up. You just need the will to start.

Speak up. Share your truth.

Publish your story at www.youthkiawaaz.com

[youth voices, citizen journalism, storytelling platform, write your story, youth empowerment, anshul tewari, obama foundation, digital expression, speak your truth, inclusive media, people's platform, social justice, community stories, unheard voices, changemakers, truth matters, writing for change, public narrative, opinion writing, platform for youth, social impact, journalism for all, open platform, youth media, write to be heard, community-led media, publishing freedom, amplify voices, real stories, Indian youth, unheard stories, courage to speak, write online, speak up India, everyday activism, new media India, people power, democratic expression, grassroots journalism, story revolution]

#YouthKiAwaaz #ObamaFoundation #WriteYourStory #CitizenJournalism #YouthVoices #IndianYouth #DigitalActivism #AmplifyVoices #PublishNow #StorytellingForChange #TruthMatters #OpenPlatform #PowerOfWords #Writerscommunity #ChangeMakers #CommunityVoices #EverydayStories #YouthEmpowerment #UnheardVoices #IndiaSpeaks #PeopleLedMedia #storytellers #NewMediaIndia #NoPermissionNeeded #reelitfeelit #ReelWithPurpose #ReelOfTheDay #fyp #explorepage #foryourpurpose","9","390","Video","5678","2025-08-08T15:32:53.000Z",,,,,,,,
"""So maybe the question isn’t “why do people like K-pop?” Maybe it’s “why are we so quick to mock people, especially young women and boys, for loving something that doesn’t fit our idea of cool or masculine?“

Why is a stadium full of men screaming for Virat Kohli seen as passion, but a stadium full of women screaming for BTS seen as obsession?

Why is it embarrassing for a boy to admit he likes Jin, but completely fine for another to cry over Dhoni’s retirement? The answer always circles back to the same thing: toxic masculinity,"" Krish writes on Youth Ki Awaaz.

[BTS, toxic masculinity, BTS Army, gender equality, BTS fans, breaking stereotypes, music connects, connection over competition, respect fandoms, love without shame, let people love, BTS culture, Kpop and identity, inclusivity, compassion, celebrate diversity, safe spaces, unlearn patriarchy, stop mocking, breaking gender norms, empathy matters, positive masculinity, cultural freedom, dismantle patriarchy, music is for all, acceptance, allyship, breaking toxic masculinity, healthy masculinity, empathy in action, global fandom, celebrate fandom, love beyond borders, cultural acceptance, BTS inspiration, real masculinity, music without borders, support BTS fans, fandom shaming, equality for all, respect choices]

#BTS #BTSARMY #ToxicMasculinity #ConnectionOverCompetition #LetPeopleLove #MusicWithoutBorders #LoveWithoutShame #BreakTheStereotype #HealthyMasculinity #RespectFandoms #UnlearnPatriarchy #StopMocking #CelebrateDiversity #PositiveMasculinity #GenderEquality #SafeSpacesMatter #BTSInspires #MusicIsForAll #CompassionFirst #ConnectionNotCompetition #CulturalFreedom #EmpathyOverEgo #SupportBTSFans #BreakGenderRoles #BTSLove #fyp #explorepage #foryourpage","386","29621","Sidecar",,"2025-08-27T12:30:27.000Z","https://scontent-atl3-2.cdninstagram.com/v/t51.2885-15/539385455_18523650439043990_6784804044565421949_n.webp?stp=dst-jpg_e35_p1080x1080_sh0.08_tt6&_nc_ht=scontent-atl3-2.cdninstagram.com&_nc_cat=102&_nc_oc=Q6cZ2QEav_WZ142PxYJIeQFWcK52jo2mvo5eeo_oCk8uj1iaAP1NW_6J45fnnMzH0PELKdU&_nc_ohc=OULGuAjJLvsQ7kNvwGmzfHM&_nc_gid=CqrdpTgPm_BQ3LxfU-V1dQ&edm=APs17CUBAAAA&ccb=7-5&oh=00_Aff9okSafBncCCl7zIT5BJHmYJSlD_3FGFm52Mqwi6DoUQ&oe=68EDD164&_nc_sid=10d13b","https://scontent-atl3-2.cdninstagram.com/v/t51.2885-15/539521908_18523650448043990_1562011240963118102_n.webp?stp=dst-jpg_e35_p1080x1080_sh0.08_tt6&_nc_ht=scontent-atl3-2.cdninstagram.com&_nc_cat=102&_nc_oc=Q6cZ2QEav_WZ142PxYJIeQFWcK52jo2mvo5eeo_oCk8uj1iaAP1NW_6J45fnnMzH0PELKdU&_nc_ohc=EdH1daRRXxEQ7kNvwHguhDI&_nc_gid=CqrdpTgPm_BQ3LxfU-V1dQ&edm=APs17CUBAAAA&ccb=7-5&oh=00_AfckqtIGE0TyMIvpTHoscRdUFv6QhZBZExQsPlW2ceieUA&oe=68EDAE3B&_nc_sid=10d13b","https://scontent-atl3-2.cdninstagram.com/v/t51.2885-15/539535310_18523650457043990_782574260632989268_n.webp?stp=dst-jpg_e35_p1080x1080_sh0.08_tt6&_nc_ht=scontent-atl3-2.cdninstagram.com&_nc_cat=102&_nc_oc=Q6cZ2QEav_WZ142PxYJIeQFWcK52jo2mvo5eeo_oCk8uj1iaAP1NW_6J45fnnMzH0PELKdU&_nc_ohc=PPwVEvMEzUIQ7kNvwFd09eg&_nc_gid=CqrdpTgPm_BQ3LxfU-V1dQ&edm=APs17CUBAAAA&ccb=7-5&oh=00_AfcKDbvvJ_14uR2R39bycq0w32TghccRYh1CYgrImzbQQw&oe=68EDCDB7&_nc_sid=10d13b","https://scontent-atl3-2.cdninstagram.com/v/t51.2885-15/540012368_18523650466043990_6197414226839435504_n.webp?stp=dst-jpg_e35_p1080x1080_sh0.08_tt6&_nc_ht=scontent-atl3-2.cdninstagram.com&_nc_cat=102&_nc_oc=Q6cZ2QEav_WZ142PxYJIeQFWcK52jo2mvo5eeo_oCk8uj1iaAP1NW_6J45fnnMzH0PELKdU&_nc_ohc=zSk7DZNPncsQ7kNvwEZMmWC&_nc_gid=CqrdpTgPm_BQ3LxfU-V1dQ&edm=APs17CUBAAAA&ccb=7-5&oh=00_AffbwzTILKwoGTWF8DWWUwhoPZswTqklQHPaMqGN91R36w&oe=68EDAC05&_nc_sid=10d13b","https://scontent-atl3-2.cdninstagram.com/v/t51.2885-15/539394018_18523650475043990_4227511331135897692_n.webp?stp=dst-jpg_e35_p1080x1080_sh0.08_tt6&_nc_ht=scontent-atl3-2.cdninstagram.com&_nc_cat=102&_nc_oc=Q6cZ2QEav_WZ142PxYJIeQFWcK52jo2mvo5eeo_oCk8uj1iaAP1NW_6J45fnnMzH0PELKdU&_nc_ohc=wadUfziyFeAQ7kNvwEBFjMN&_nc_gid=CqrdpTgPm_BQ3LxfU-V1dQ&edm=APs17CUBAAAA&ccb=7-5&oh=00_AfdzUyzKtiG_awkmG6Gc5PvPORs-Y9JWxs2PpxkDo4lrVA&oe=68EDB88C&_nc_sid=10d13b","https://scontent-atl3-2.cdninstagram.com/v/t51.2885-15/540694968_18523650484043990_8654765223274580890_n.webp?stp=dst-jpg_e35_p1080x1080_sh0.08_tt6&_nc_ht=scontent-atl3-2.cdninstagram.com&_nc_cat=102&_nc_oc=Q6cZ2QEav_WZ142PxYJIeQFWcK52jo2mvo5eeo_oCk8uj1iaAP1NW_6J45fnnMzH0PELKdU&_nc_ohc=5qVmmVg6xwoQ7kNvwFnbLhV&_nc_gid=CqrdpTgPm_BQ3LxfU-V1dQ&edm=APs17CUBAAAA&ccb=7-5&oh=00_AfdRcWPwLyxcgAz2BvJbXpVcbJz3b6FeMijObucwCPFOhA&oe=68EDB1F0&_nc_sid=10d13b",,
"""Youth unemployment in India is not just an economic problem — it is a social crisis. And in this crisis, false promises can be as damaging as job losses. We need structural reforms for genuine employment, stronger rules against digital frauds, and most importantly, a culture of awareness where young people support and protect each other. Because the truth is simple: India’s youth don’t need flashy “gurus.” We need real jobs, fair opportunities, and leaders who understand our struggles. Until then, we must be careful not to let fake hopes steal our time, money, and dignity,"" Surjit writes on Youth Ki Awaaz.

[youth unemployment, job crisis, fake gurus, employment scams, skill development, digital frauds, online training scams, LinkedIn coaches, YouTube trainers, job market, layoffs in India, TCS layoffs, employability crisis, PLFS data, work culture, jobless graduates, fake promises, digital influencers, scam awareness, social media fraud, startup layoffs, skill gap, Indian economy, fake job ads, online workshops, scam prevention, youth awareness, job readiness, work from home scams, unemployment rate, career struggles, digital literacy, online jobs, job insecurity, fake job offers, gig economy, employability, mentorship, education to employment gap, job seekers India]

#YouthUnemployment #JobCrisisIndia #FakeGurus #EmploymentScams #SkillFrauds #DigitalScams #RealJobsNeeded #YouthKiAwaaz #IndiaJobsCrisis #LayoffCulture #CareerAwareness #ScamAlertIndia #OnlineFraudAwareness #JobHuntIndia #StopFakeGurus #WorkRealityCheck #IndianYouthVoices #SkillIndiaReality #DigitalIndiaDebate #UnemploymentReality #JobSeekersIndia #YouthDeserveBetter #CareerCrisis #FakePromiseCulture #fyp #explorepage #ｆｏｒｙｏｕｒｐａｇｅ","4","324","Sidecar",,"2025-10-07T12:37:07.000Z","https://scontent-dfw5-2.cdninstagram.com/v/t51.2885-15/560100296_18531900586043990_6242743678738017081_n.webp?stp=dst-jpg_e35_p1080x1080_sh0.08_tt6&_nc_ht=scontent-dfw5-2.cdninstagram.com&_nc_cat=102&_nc_oc=Q6cZ2QFt4FohN4dPZacdwLRyXViG12WwJzeVK65j4v9rihkUQ8qWu4JyHnZM0d16-g--fGA&_nc_ohc=wrrCMZ8-YJ8Q7kNvwG40Fw0&_nc_gid=oc2jqv2qIphurfDX-Tkb3w&edm=APs17CUBAAAA&ccb=7-5&oh=00_AfddvPWzE7cjrnd43bHZRBx1qtbW3lQ0h5NUQdDSQsO2ww&oe=68EDBE85&_nc_sid=10d13b","https://scontent-dfw5-2.cdninstagram.com/v/t51.2885-15/560272655_18531900601043990_4855604136151128457_n.webp?stp=dst-jpg_e35_p1080x1080_sh0.08_tt6&_nc_ht=scontent-dfw5-2.cdninstagram.com&_nc_cat=102&_nc_oc=Q6cZ2QFt4FohN4dPZacdwLRyXViG12WwJzeVK65j4v9rihkUQ8qWu4JyHnZM0d16-g--fGA&_nc_ohc=oVOq2Yi0kNsQ7kNvwE-FF2D&_nc_gid=oc2jqv2qIphurfDX-Tkb3w&edm=APs17CUBAAAA&ccb=7-5&oh=00_Affvq11SRlGAnQ9_MpHcqtQ5VW-8aYNbbLSKrQb0IsffiA&oe=68EDD0B2&_nc_sid=10d13b","https://scontent-dfw5-2.cdninstagram.com/v/t51.2885-15/559954982_18531900604043990_6492522712464696175_n.webp?stp=dst-jpg_e35_p1080x1080_sh0.08_tt6&_nc_ht=scontent-dfw5-2.cdninstagram.com&_nc_cat=102&_nc_oc=Q6cZ2QFt4FohN4dPZacdwLRyXViG12WwJzeVK65j4v9rihkUQ8qWu4JyHnZM0d16-g--fGA&_nc_ohc=-8P45e56NrwQ7kNvwFnXd_W&_nc_gid=oc2jqv2qIphurfDX-Tkb3w&edm=APs17CUBAAAA&ccb=7-5&oh=00_Affdn5JmCccKlM143VxGxxEfam2DgfI35O5vbVDRq-Ctow&oe=68EDB1B9&_nc_sid=10d13b","https://scontent-dfw5-2.cdninstagram.com/v/t51.2885-15/561725376_18531900619043990_2292429918040856545_n.webp?stp=dst-jpg_e35_p1080x1080_sh0.08_tt6&_nc_ht=scontent-dfw5-2.cdninstagram.com&_nc_cat=102&_nc_oc=Q6cZ2QFt4FohN4dPZacdwLRyXViG12WwJzeVK65j4v9rihkUQ8qWu4JyHnZM0d16-g--fGA&_nc_ohc=dT6HQFK68IIQ7kNvwFlCCZJ&_nc_gid=oc2jqv2qIphurfDX-Tkb3w&edm=APs17CUBAAAA&ccb=7-5&oh=00_Afetrr6Prmt9HCGWNvotNh_XiNrWPLmRCLrkZQL9vrOPhw&oe=68EDB63D&_nc_sid=10d13b","https://scontent-dfw5-2.cdninstagram.com/v/t51.2885-15/559299948_18531900622043990_7840050406045776275_n.webp?stp=dst-jpg_e35_p1080x1080_sh0.08_tt6&_nc_ht=scontent-dfw5-2.cdninstagram.com&_nc_cat=102&_nc_oc=Q6cZ2QFt4FohN4dPZacdwLRyXViG12WwJzeVK65j4v9rihkUQ8qWu4JyHnZM0d16-g--fGA&_nc_ohc=1Sa1hTAn2_wQ7kNvwGHlhY9&_nc_gid=oc2jqv2qIphurfDX-Tkb3w&edm=APs17CUBAAAA&ccb=7-5&oh=00_AfdYoQ_rPtjP5XT6eoxnYz-x-UtKHzfB1QyP1bOjh1OZ7Q&oe=68EDABE4&_nc_sid=10d13b",,,
"""In my thirties, home has now become both what I carry and what I create - a tapestry of spaces, people, and selves, identities, solidarities stitched together across time. It's a feeling I get when I see all my things have a place to be, where all of me has a place to be. It's where I run to when nothing makes sense. Or maybe it's what I run away from, to make sense of who I am, Azra writes on Youth Ki Awaaz.

This story was selected as one of the top entries in our #RoomsofOurOwn contest in collaboration with HarperCollins India.

[Kashmiri women, home, belonging, nostalgia, refuge, negotiation, identity, diaspora, migration, independence, womanhood, feminism, Kashmiri Muslim, personal story, resilience, female voices, safe spaces, gender, empowerment, cultural identity, memory, selfhood, city life, hostel life, shared spaces, solidarity, women's experiences, growing up, moving away, adaptation, personal growth, autonomy, transition, heritage, diaspora community, women's stories, urban life, living away from home, privacy, chosen family, survival, home as sanctuary]

#KashmiriWomen #HomelsRefuge #Belonging #FeministStories #WomenVoices #KashmiriMuslim #PersonalStory #RoomsOfOurOwn #WomenEmpowerment #IdentityAndHome #SafeSpacesForWomen #Nostalgia #FemalePerspective #LivingAwayFromHome #WomenStoriesMatter #RefugeAndResilience #HomeAndIdentity #WomenGrowingUp #SharedSpaces #UrbanWomenLife #SolidarityAmongWomen #IndependenceAndIdentity #NegotiatingHome #WomenLifeJourney #ChosenFamily #fyp #explorepage #foryourpage #ɢᴏᴠɪʀᴀʟ","0","106","Sidecar",,"2025-10-05T06:13:31.000Z","https://scontent-ord5-2.cdninstagram.com/v/t51.2885-15/559141616_18531420451043990_6448937799220217769_n.webp?stp=dst-jpg_e35_p1080x1080_sh0.08_tt6&_nc_ht=scontent-ord5-2.cdninstagram.com&_nc_cat=102&_nc_oc=Q6cZ2QFxl8Y_JoZsdEoU6eN52zuk1VpZMwniCCdJFxpSNqq0-mQwMUrxRkAkQ5SG7i79yFW84ttMEfFWzZg48Z8ROY3k&_nc_ohc=KhGkOHT6j04Q7kNvwEQOmQz&_nc_gid=5MpxeJch1Pr0Y_kE4QnZaA&edm=APs17CUBAAAA&ccb=7-5&oh=00_Afe_dPV0A-aQumeiNgR19rNPL0J_12iAr38LNXw3iRf8cQ&oe=68EDCF74&_nc_sid=10d13b","https://scontent-ord5-2.cdninstagram.com/v/t51.2885-15/559906521_18531420460043990_2576848018348866186_n.webp?stp=dst-jpg_e35_p1080x1080_sh0.08_tt6&_nc_ht=scontent-ord5-2.cdninstagram.com&_nc_cat=102&_nc_oc=Q6cZ2QFxl8Y_JoZsdEoU6eN52zuk1VpZMwniCCdJFxpSNqq0-mQwMUrxRkAkQ5SG7i79yFW84ttMEfFWzZg48Z8ROY3k&_nc_ohc=7sk4JYZriWsQ7kNvwHvZxkL&_nc_gid=5MpxeJch1Pr0Y_kE4QnZaA&edm=APs17CUBAAAA&ccb=7-5&oh=00_AfcrdU81UCn0Pp_bjauxe95uNhrdC2fK8ZBAV4jVP7cb1Q&oe=68EDC193&_nc_sid=10d13b","https://scontent-ord5-2.cdninstagram.com/v/t51.2885-15/561534458_18531420469043990_5301542630345585984_n.webp?stp=dst-jpg_e35_p1080x1080_sh0.08_tt6&_nc_ht=scontent-ord5-2.cdninstagram.com&_nc_cat=102&_nc_oc=Q6cZ2QFxl8Y_JoZsdEoU6eN52zuk1VpZMwniCCdJFxpSNqq0-mQwMUrxRkAkQ5SG7i79yFW84ttMEfFWzZg48Z8ROY3k&_nc_ohc=aGSQuBjkZqgQ7kNvwHQ9gBC&_nc_gid=5MpxeJch1Pr0Y_kE4QnZaA&edm=APs17CUBAAAA&ccb=7-5&oh=00_Afe5vlfF4vf7q-SHmmz_zTS6OkmzwJ8RMGlgwNCL5jdh9Q&oe=68EDC7F0&_nc_sid=10d13b","https://scontent-ord5-2.cdninstagram.com/v/t51.2885-15/559251918_18531420478043990_6414764934381591982_n.webp?stp=dst-jpg_e35_p1080x1080_sh0.08_tt6&_nc_ht=scontent-ord5-2.cdninstagram.com&_nc_cat=102&_nc_oc=Q6cZ2QFxl8Y_JoZsdEoU6eN52zuk1VpZMwniCCdJFxpSNqq0-mQwMUrxRkAkQ5SG7i79yFW84ttMEfFWzZg48Z8ROY3k&_nc_ohc=j6kuFyX-wusQ7kNvwHFCRas&_nc_gid=5MpxeJch1Pr0Y_kE4QnZaA&edm=APs17CUBAAAA&ccb=7-5&oh=00_AfcD-5MpGlgh1qd1wmG0b6serOX_kGMHqi-uLuvECP7-ww&oe=68EDC62F&_nc_sid=10d13b","https://scontent-ord5-2.cdninstagram.com/v/t51.2885-15/558908700_18531420487043990_3548929161019182338_n.webp?stp=dst-jpg_e35_p1080x1080_sh0.08_tt6&_nc_ht=scontent-ord5-2.cdninstagram.com&_nc_cat=102&_nc_oc=Q6cZ2QFxl8Y_JoZsdEoU6eN52zuk1VpZMwniCCdJFxpSNqq0-mQwMUrxRkAkQ5SG7i79yFW84ttMEfFWzZg48Z8ROY3k&_nc_ohc=QjpY8xw9iJ0Q7kNvwEeDJ07&_nc_gid=5MpxeJch1Pr0Y_kE4QnZaA&edm=APs17CUBAAAA&ccb=7-5&oh=00_Afd2z1qLAJ8NTWWUreP_sEPRJasuSa3IlNUUejb9j0260Q&oe=68EDB158&_nc_sid=10d13b","https://scontent-ord5-2.cdninstagram.com/v/t51.2885-15/560463537_18531420496043990_5994063506208399727_n.webp?stp=dst-jpg_e35_p1080x1080_sh0.08_tt6&_nc_ht=scontent-ord5-2.cdninstagram.com&_nc_cat=102&_nc_oc=Q6cZ2QFxl8Y_JoZsdEoU6eN52zuk1VpZMwniCCdJFxpSNqq0-mQwMUrxRkAkQ5SG7i79yFW84ttMEfFWzZg48Z8ROY3k&_nc_ohc=oQPCXfkh3H8Q7kNvwF6H0Gh&_nc_gid=5MpxeJch1Pr0Y_kE4QnZaA&edm=APs17CUBAAAA&ccb=7-5&oh=00_AfcF0B3Gh3ecSbhg2aZ6PhNwQr-TpGaPLYHmx0upMUfBIA&oe=68EDCA8F&_nc_sid=10d13b",,
"Sometimes being yourself feels like a rebellion. @chapter2drip's recent ad, directed by @rhea_chakraborty , shows that love doesn’t need permission, and honesty shouldn’t be hidden. A simple conversation between two siblings - one sharing that they're dating a guy - becomes a quiet act of courage, reflecting the realities LGBTQIA+ community face every day.

The supportive reaction reminds us how powerful acceptance within families can be. It’s proof that safe spaces start at home, where love is celebrated and identities are respected without shame.

Because closets are meant for clothes not for who you love. Watch the ad, share it, and help create a world where every LGBTQIA+ individual feels free to be themselves, starting with the family that surrounds them.

[love is love, LGBTQIA, pride, inclusivity, acceptance, support, sibling love, coming out, fashion, streetwear, Chapter 2 Drip, best ad, courage, safe spaces, identity, freedom, family support, relationships, gay, bisexual, queer love, gender equality, empowerment, visibility, allyship, acceptance at home, clothing brand, rebellion, self-expression, equality, love wins]

#loveislove #LGBTQIA #Pride #Inclusivity #Acceptance #Support #SiblingLove #ComingOut #Fashion #Streetwear #Chapter2Drip #BestAd #Courage #SafeSpaces #Identity #Freedom #FamilySupport #GayLove #BisexualLove #Equality #reelitfeelit #ReelWithPurpose #ReelOfTheDay #explorepage #foryourpage #trendingreel #indianyouth #fypppppppppppppppppppppppppppppppppppppppppppppppppppppppppppppppppppppp","12","240","Video","4041","2025-10-05T15:29:59.000Z",,,,,,,,
"There are songs that echo softly. And then there are songs like 'Darya Ki Kasam' - that roar through time.

Written by Kamla Bhasin and sung by generations of women, this anthem emerged from a moment when voices from across South Asia gathered in Lahore in 1995, declaring that women’s freedom could no longer be contained - not by borders, not by faith, not by patriarchy.

The song pierces through the imposed veil - literally and metaphorically - asking: “Ye parda kaisa parda hai? Kya ye mazhab ka hissa hai?” It questions how religion and culture are often twisted into tools of control, and how systems built by men decide what women should wear, how they should walk, when they should speak.

Thirty years later, this bold feminist anthem still feels like a mirror. The imposition may change its language - from dress codes to online policing - but the struggle remains the same. Every time this song is sung, it revives a collective promise: to rise, to resist, and to rebuild a world where women define their own faith, their own freedom, their own voice.

Have you heard this anthem of women’s movement before?

[music, singers, singerinsta, musician, protest poetry, poem, protest song, anthem, hindi song, desi music, independent artists, underground music, activism, revolutionary art, voice of change, youth anthem, street performance, political art, poetic resistance, artivism]

#Music #Singers #Singerlnsta #Musician #ProtestPoetry #ProtestSong #HindiSong #Anthem #RevolutionaryArt #PoeticResistance #ActivistVoices #Artivism #DesiMusic #IndependentArtist #kamlabhasin #StreetPerformance #VoiceOfChange #YouthAnthem #IndianMusician #SocialChange #ArtForJustice #reelitfeelit #ReelWithPurpose #ReelOfTheDay #foryourpage #feministsong #explorepage #fypppppppppppppppppppppppppppppppppppppppppppppppppppppppppppppppppppppp","88","8860","Video","53950","2025-10-06T15:33:43.000Z",,,,,,,,
"""Students do not deserve to be humiliated, they have to be respected just like adults, even if they do something wrong they have to be taught what’s right but not with the cost of their mental health, their well being, not using violence but by compassion and love,"" Aashi writes on Youth Ki Awaaz.

[teacher bullying, school bullying, emotional abuse, physical punishment, body shaming, mental health, student rights, education reform, toxic discipline, school violence, classroom abuse, teacher behaviour, positive discipline, child protection, student wellbeing, compassion in education, safe schools, respect students, school culture, teacher training, corporal punishment, Indian schools, student voice, youth activism, child abuse awareness, teacher accountability, counselling in schools, student support, school mental health, student trauma, teacher misconduct, child safety, school reform, stop bullying, education system, emotional wellbeing, school counsellors, student empowerment, discipline vs abuse, child dignity]

#TeacherBullying #StopBullying #StudentVoices #EndAbuseInSchools #SchoolMentalHealth #RespectStudents #SafeSchools #EducationReform #PositiveDiscipline #ChildProtection #StopCorporalPunishment #StudentRights #YouthForChange #ClassroomAbuse #EducationSystem #StudentWellbeing #NoMoreAbuse #RaiseYourVoice #EndBodyShaming #MentalHealthMatters #TeacherAccountability #ChildSafety #EmpowerStudents #CompassionInEducation #ListenToStudents #worldteachersday #fyp #explorepage #ｆｏｒｙｏｕｒｐａｇｅ","5","107","Sidecar",,"2025-10-05T12:30:24.000Z","https://scontent-iad3-1.cdninstagram.com/v/t51.2885-15/559355018_18531479125043990_6530878260923964795_n.webp?stp=dst-jpg_e35_p1080x1080_sh0.08_tt6&_nc_ht=scontent-iad3-1.cdninstagram.com&_nc_cat=102&_nc_oc=Q6cZ2QF8igVxomgIsn1GLiwiYH3WwImf5q-oZhKmh5ebiR7PwG5qg-yNhAxENa671pVyH-c&_nc_ohc=mPnJfPY2RrIQ7kNvwF7dEAi&_nc_gid=7eKTheoGy0Xed4aeT4dNsw&edm=APs17CUBAAAA&ccb=7-5&oh=00_Afcf_PSrAHGxy8Yk2Uqnnm18_8XJjz7nxG5BjTgLCt3hew&oe=68EDC6A6&_nc_sid=10d13b","https://scontent-iad3-1.cdninstagram.com/v/t51.2885-15/559231146_18531479134043990_6789247255183028286_n.webp?stp=dst-jpg_e35_p1080x1080_sh0.08_tt6&_nc_ht=scontent-iad3-1.cdninstagram.com&_nc_cat=102&_nc_oc=Q6cZ2QF8igVxomgIsn1GLiwiYH3WwImf5q-oZhKmh5ebiR7PwG5qg-yNhAxENa671pVyH-c&_nc_ohc=Bo5Oqk6YmNcQ7kNvwHwUb9H&_nc_gid=7eKTheoGy0Xed4aeT4dNsw&edm=APs17CUBAAAA&ccb=7-5&oh=00_Afe9P7Vs1RhLk4W_3765_Envt5RVhSaoetipVCyI_qQoCg&oe=68EDA6C7&_nc_sid=10d13b","https://scontent-iad3-1.cdninstagram.com/v/t51.2885-15/559213053_18531479152043990_5720810610493175769_n.webp?stp=dst-jpg_e35_p1080x1080_sh0.08_tt6&_nc_ht=scontent-iad3-1.cdninstagram.com&_nc_cat=102&_nc_oc=Q6cZ2QF8igVxomgIsn1GLiwiYH3WwImf5q-oZhKmh5ebiR7PwG5qg-yNhAxENa671pVyH-c&_nc_ohc=KxGgDnqDw5wQ7kNvwEi23gC&_nc_gid=7eKTheoGy0Xed4aeT4dNsw&edm=APs17CUBAAAA&ccb=7-5&oh=00_AfecWR0JRWr3n-0VDBrg5l-wuPS8R2oYUN4HmeebT5ZsNQ&oe=68EDD092&_nc_sid=10d13b","https://scontent-iad3-1.cdninstagram.com/v/t51.2885-15/559016753_18531479149043990_6092122725476623009_n.webp?stp=dst-jpg_e35_p1080x1080_sh0.08_tt6&_nc_ht=scontent-iad3-1.cdninstagram.com&_nc_cat=102&_nc_oc=Q6cZ2QF8igVxomgIsn1GLiwiYH3WwImf5q-oZhKmh5ebiR7PwG5qg-yNhAxENa671pVyH-c&_nc_ohc=xOp9dAdt0iAQ7kNvwFdYk2a&_nc_gid=7eKTheoGy0Xed4aeT4dNsw&edm=APs17CUBAAAA&ccb=7-5&oh=00_AfcxKZsC9zFLMXEPcdLef34IbzruA3Jn1F_dC8ADxokd5A&oe=68EDC74C&_nc_sid=10d13b","https://scontent-iad3-1.cdninstagram.com/v/t51.2885-15/558860131_18531479164043990_5407879797727854668_n.webp?stp=dst-jpg_e35_p1080x1080_sh0.08_tt6&_nc_ht=scontent-iad3-1.cdninstagram.com&_nc_cat=102&_nc_oc=Q6cZ2QF8igVxomgIsn1GLiwiYH3WwImf5q-oZhKmh5ebiR7PwG5qg-yNhAxENa671pVyH-c&_nc_ohc=wMUmGJYuI3UQ7kNvwFQ0PpF&_nc_gid=7eKTheoGy0Xed4aeT4dNsw&edm=APs17CUBAAAA&ccb=7-5&oh=00_Affw6t59ZELZqmRybzAN7mUcIjp0L9sRDp5KOzx-KDPDTQ&oe=68EDBA51&_nc_sid=10d13b",,,
"From Ajmer Sharif to the city’s narrow lanes, three young women picked up their cameras to ask one simple, unsettling question: “Ajmer ki ladkiyan kahan hain?”

They are everywhere, yet somehow invisible - in classrooms, at bus stops, in markets, moving quickly through the city each day. Their presence feels fleeting, always in transit, never rooted in the rhythms of public life.

This is not just Ajmer’s story. Across Indian cities, women’s movements are shaped by invisible boundaries of time, safety, and expectation. Public spaces belong to them too, yet the freedom to simply be in those spaces is often denied.

This youth-led film, created during the Cities for Youth fellowship with Safetipin, shines a light on that absence. Through conversations, street interviews, and lived observations, it asks what our cities might look like if women were as visible, comfortable, and rooted in public space as men.

Shot across Ajmer’s landmarks - its parks, buses, markets, and the shrine that holds its heart - the project is both a record and a reclaiming. A reminder that a city only feels whole when its women are not just passing through it, but shaping its everyday life.

This Urban October, Youth Ki Awaaz and Safetipin come together to spotlight how young people are reshaping their cities and reclaiming their spaces.

[Ajmer, Rajasthan, Ajmer ki ladkiyan, Safetipin, Youth Ki Awaaz, Urban October, public spaces, gender equality, women safety, Indian cities, women in public, feminism in India, female filmmakers, city building, local stories, women in public life, gender and safety, civic participation, intersectional feminism, youth activism, urban storytelling]

#AjmerKiLadkiyan #Safetipin #YouthKiAwaaz #UrbanOctober #CitiesForYouth #WomenInPublicSpaces #GenderEquality #FeminismInIndia #SafeCities #WomenEmpowerment #YouthVoices #ReclaimTheCity #Ajmer #Rajasthan #GenderJustice #WomenSafety #CivicAction #PublicSpacesForAll #UrbanIndia #YoungFilmmakers #SocialChange #HerCityToo #FeministVoices #CommunityStories #ReclaimingSpaces #fyp #explorepage #ｆｏｒｙｏｕｒｐａｇｅ","1","168","Sidecar",,"2025-10-06T12:37:11.000Z","https://scontent-lga3-1.cdninstagram.com/v/t51.2885-15/560042389_18531692179043990_3982333096352641433_n.webp?stp=dst-jpg_e35_p1080x1080_sh0.08_tt6&_nc_ht=scontent-lga3-1.cdninstagram.com&_nc_cat=102&_nc_oc=Q6cZ2QHg5s55Psgib864pnsK5UaAcSLl33lM61kEcU4mbe958U_XMydHTNKyO8t1sXUwYQi1SuDMv8bVWQudsuM68BV-&_nc_ohc=VbdSc3npv4sQ7kNvwG-FICU&_nc_gid=MySqv9NIehVMkK-nMAdYsA&edm=APs17CUBAAAA&ccb=7-5&oh=00_Afe8kpplIxclJChZP1_26R5m52CSIB0OQMCF0LAoj1tNYQ&oe=68EDA38B&_nc_sid=10d13b","https://scontent-lga3-1.cdninstagram.com/v/t51.2885-15/559547603_18531692191043990_4912373491459479961_n.webp?stp=dst-jpg_e35_p1080x1080_sh0.08_tt6&_nc_ht=scontent-lga3-1.cdninstagram.com&_nc_cat=102&_nc_oc=Q6cZ2QHg5s55Psgib864pnsK5UaAcSLl33lM61kEcU4mbe958U_XMydHTNKyO8t1sXUwYQi1SuDMv8bVWQudsuM68BV-&_nc_ohc=x1Q9MhlHtSkQ7kNvwGqKqgi&_nc_gid=MySqv9NIehVMkK-nMAdYsA&edm=APs17CUBAAAA&ccb=7-5&oh=00_AfdxAaamO1dfQ42bjgQJW8VtiSho6LqrJ-3qQy91eRcGow&oe=68EDCA1C&_nc_sid=10d13b","https://scontent-lga3-1.cdninstagram.com/v/t51.2885-15/560125130_18531692200043990_758333626334094921_n.webp?stp=dst-jpg_e35_p1080x1080_sh0.08_tt6&_nc_ht=scontent-lga3-1.cdninstagram.com&_nc_cat=102&_nc_oc=Q6cZ2QHg5s55Psgib864pnsK5UaAcSLl33lM61kEcU4mbe958U_XMydHTNKyO8t1sXUwYQi1SuDMv8bVWQudsuM68BV-&_nc_ohc=AKKOXdwbzSsQ7kNvwEWueGC&_nc_gid=MySqv9NIehVMkK-nMAdYsA&edm=APs17CUBAAAA&ccb=7-5&oh=00_Afc2KKoHwc9bWoZMy3Zn3fT89sJ-DjP60WmnSlT_U7TTaA&oe=68EDD43F&_nc_sid=10d13b","https://scontent-lga3-1.cdninstagram.com/v/t51.2885-15/561165571_18531692218043990_1282292869524830224_n.webp?stp=dst-jpg_e35_p1080x1080_sh0.08_tt6&_nc_ht=scontent-lga3-1.cdninstagram.com&_nc_cat=102&_nc_oc=Q6cZ2QHg5s55Psgib864pnsK5UaAcSLl33lM61kEcU4mbe958U_XMydHTNKyO8t1sXUwYQi1SuDMv8bVWQudsuM68BV-&_nc_ohc=QFL5h2HhVs0Q7kNvwGMycnW&_nc_gid=MySqv9NIehVMkK-nMAdYsA&edm=APs17CUBAAAA&ccb=7-5&oh=00_AfflZK6AIYaY5eFEoAyu2e5woOAbEo5P95GwzuIqCw-KQA&oe=68EDB9A2&_nc_sid=10d13b","https://scontent-lga3-1.cdninstagram.com/v/t51.2885-15/559724015_18531692209043990_6435783059010629363_n.webp?stp=dst-jpg_e35_p1080x1080_sh0.08_tt6&_nc_ht=scontent-lga3-1.cdninstagram.com&_nc_cat=102&_nc_oc=Q6cZ2QHg5s55Psgib864pnsK5UaAcSLl33lM61kEcU4mbe958U_XMydHTNKyO8t1sXUwYQi1SuDMv8bVWQudsuM68BV-&_nc_ohc=KI83IfZn5DMQ7kNvwHk1XeB&_nc_gid=MySqv9NIehVMkK-nMAdYsA&edm=APs17CUBAAAA&ccb=7-5&oh=00_AfcEQn2tjtH409PQTSjQC2kTa-hm0TNEuzxcSAo4IOkcpw&oe=68EDD1F8&_nc_sid=10d13b",,,
"""True justice for Hariom means more than arresting his killers. It means confronting the social, political, and digital roots of such violence. Hariom’s lynching is not an isolated act, it is a symptom of a larger moral crisis. If mobs can decide who deserves to live, then law, faith, and democracy lose their meaning. The question before us is not only who killed Hariom, but what kind of nation we are becoming,"" Rohan writes on Youth Ki Awaaz.

[Dalit rights, Rae Bareli, Hariom, lynching in India, caste violence, Uttar Pradesh, democracy in danger, political violence, caste discrimination, Yogi Adityanath, Rahul Gandhi, social justice, human rights, caste system, mob justice, India politics, BJP, Congress, caste hate, constitutional values, Ambedkarite movement, Dalit identity, caste hierarchy, communal tension, law and order, justice system, democracy lynched, caste oppression, Babasaheb Ambedkar, India today, police brutality, human dignity, caste atrocities, social inequality, mob lynching, caste-based hate crimes, Indian constitution, Dalit voices, equality in India, justice for Hariom, democracy under threat]

#RaeBareli #Hariom #DalitLivesMatter #CasteViolence #JusticeForHariom #StopLynching #UttarPradesh #DemocracyInDanger #CasteDiscrimination #IndiaPolitics #HumanRights #SocialJustice #CasteSystem #Ambedkarite #DalitVoices #ConstitutionalMorality #EqualityForAll #CasteHate #EndCasteViolence #SpeakUpIndia #NoMoreSilence #MobJustice #SaveDemocracy #JusticeDelayedJusticeDenied #YouthKiAwaaz #fyp #explorepage #ｆｏｒｙｏｕｒｐａｇｅ","24","1838","Sidecar",,"2025-10-06T11:29:29.000Z","https://scontent-lga3-1.cdninstagram.com/v/t51.2885-15/561878595_18531683743043990_9012432583195280244_n.webp?stp=dst-jpg_e35_p1080x1080_sh0.08_tt6&_nc_ht=scontent-lga3-1.cdninstagram.com&_nc_cat=102&_nc_oc=Q6cZ2QEJ1ltMKi3dv4EbYVMj-Kaj18eSmU8S0843VAamjcfArMmaF_FT6LqCk1_onbKBKL4&_nc_ohc=bAdd7z-xDKwQ7kNvwG6xefO&_nc_gid=VKoqDXVZ3XLyQhGot2Qczw&edm=APs17CUBAAAA&ccb=7-5&oh=00_Afc4bnLTMq611yz5kZud_PFdXwYulzdp1GI-B4Md_AbXdA&oe=68EDB4EC&_nc_sid=10d13b","https://scontent-lga3-1.cdninstagram.com/v/t51.2885-15/559331077_18531683752043990_905654308620061360_n.webp?stp=dst-jpg_e35_p1080x1080_sh0.08_tt6&_nc_ht=scontent-lga3-1.cdninstagram.com&_nc_cat=102&_nc_oc=Q6cZ2QEJ1ltMKi3dv4EbYVMj-Kaj18eSmU8S0843VAamjcfArMmaF_FT6LqCk1_onbKBKL4&_nc_ohc=if_jNnmMgCEQ7kNvwGsZt_2&_nc_gid=VKoqDXVZ3XLyQhGot2Qczw&edm=APs17CUBAAAA&ccb=7-5&oh=00_AfdM_5mtyaFEpU84C-k4VxeV7t3VtOEw9ZrBkPO_8NUibw&oe=68EDCEBF&_nc_sid=10d13b","https://scontent-lga3-1.cdninstagram.com/v/t51.2885-15/559698303_18531683761043990_7380176373415222477_n.webp?stp=dst-jpg_e35_p1080x1080_sh0.08_tt6&_nc_ht=scontent-lga3-1.cdninstagram.com&_nc_cat=102&_nc_oc=Q6cZ2QEJ1ltMKi3dv4EbYVMj-Kaj18eSmU8S0843VAamjcfArMmaF_FT6LqCk1_onbKBKL4&_nc_ohc=Dnm67IHe6HgQ7kNvwHTYWi5&_nc_gid=VKoqDXVZ3XLyQhGot2Qczw&edm=APs17CUBAAAA&ccb=7-5&oh=00_Aff5V2UXPGDIrRQQ98YQWgapl7Q-N_cnKPwX-RUbmf2R9A&oe=68EDA5EB&_nc_sid=10d13b","https://scontent-lga3-1.cdninstagram.com/v/t51.2885-15/559207019_18531683770043990_466750107380883828_n.webp?stp=dst-jpg_e35_p1080x1080_sh0.08_tt6&_nc_ht=scontent-lga3-1.cdninstagram.com&_nc_cat=102&_nc_oc=Q6cZ2QEJ1ltMKi3dv4EbYVMj-Kaj18eSmU8S0843VAamjcfArMmaF_FT6LqCk1_onbKBKL4&_nc_ohc=_2_zvjjrE0EQ7kNvwE0TMBX&_nc_gid=VKoqDXVZ3XLyQhGot2Qczw&edm=APs17CUBAAAA&ccb=7-5&oh=00_AfcwI1czD1Azf_hRhiyFI5qwkSrsGRICpsiHoO4Ja6Bmog&oe=68EDA7B2&_nc_sid=10d13b","https://scontent-lga3-1.cdninstagram.com/v/t51.2885-15/561618507_18531683779043990_5171830687156518453_n.webp?stp=dst-jpg_e35_p1080x1080_sh0.08_tt6&_nc_ht=scontent-lga3-1.cdninstagram.com&_nc_cat=102&_nc_oc=Q6cZ2QEJ1ltMKi3dv4EbYVMj-Kaj18eSmU8S0843VAamjcfArMmaF_FT6LqCk1_onbKBKL4&_nc_ohc=FGp1ufZL14gQ7kNvwE09G_e&_nc_gid=VKoqDXVZ3XLyQhGot2Qczw&edm=APs17CUBAAAA&ccb=7-5&oh=00_AfdhLSkHNUX5ed-hkcY14k1fvPlp7uolpF1Rm3Noyofu_w&oe=68EDBF94&_nc_sid=10d13b",,,
"""We deserve doctors who say 'I don’t know' instead of hiding behind lifestyle blame. We deserve honest conversations, not dismissive platitudes. We deserve research, treatment options beyond the pill, and recognition that symptom management is not the same as healing.

We deserve medical education that teaches doctors about women’s health beyond pregnancy and contraception. We deserve a system that values our health for its own sake. We deserve to stop being told to 'come back when you want to get pregnant.' We deserve to be treated as full human beings, not as incubators for future children,"" Krish writes on Youth Ki Awaaz.

[PCOD, PCOS, women’s health, hormonal imbalance, reproductive rights, period pain, menstrual health, medical neglect, healthcare bias, women’s experiences, patient voice, body autonomy, women doctors, gender bias, health awareness, polycystic ovarian syndrome, medical gaslighting, feminist health, invisible illnesses, endometriosis, healthcare reform, mental health, self advocacy, wellness culture, body positivity, chronic illness, Indian healthcare, youth voices, reproductive justice, stigma and shame, period taboos, healthcare inequality, patient stories, wellness myths, lifestyle disease, women empowerment, health literacy, medical system, hormone health, women’s rights]

#PCODAwareness #PCOSJourney #WomensHealthMatters #BreakTheSilence #HealthNotShame #MedicalGaslighting #MyBodyMyVoice #PeriodTalks #FeministHealth #PCOSAwarenessIndia #InvisibleIllness #WomensVoices #YouthKiAwaaz #HealthForHer #ListenToWomen #ReproductiveJustice #EndTheStigma #HealthcareBias #PCOSStruggles #HormonalHealth #MyStoryMatters #GirlsDeserveBetterCare #WellnessNotBlame #HealthEquality #PCOSIndia #fyp #explorepage #foryourpage #ɢᴏᴠɪʀᴀʟ","4","282","Sidecar",,"2025-10-07T05:34:33.000Z","https://scontent-lga3-1.cdninstagram.com/v/t51.2885-15/560041038_18531862300043990_220539444222060042_n.webp?stp=dst-jpg_e35_p1080x1080_sh0.08_tt6&_nc_ht=scontent-lga3-1.cdninstagram.com&_nc_cat=102&_nc_oc=Q6cZ2QHH240DJ8lESLYMcAQCuf_oP8BjLQlvgmF1uwP6_m7HYOvwGMYxOpOSd8IQkxOoPKY&_nc_ohc=NvH5t6l02g0Q7kNvwFwuI0f&_nc_gid=ikmCn_9IxRzrcGlwlQHfwA&edm=APs17CUBAAAA&ccb=7-5&oh=00_AfdeM6ZBejyQdleO-lRrwtsObi3xHBxq_6rq9IVw9vWVsw&oe=68EDBF13&_nc_sid=10d13b","https://scontent-lga3-1.cdninstagram.com/v/t51.2885-15/559963692_18531862309043990_4489950534915838780_n.webp?stp=dst-jpg_e35_p1080x1080_sh0.08_tt6&_nc_ht=scontent-lga3-1.cdninstagram.com&_nc_cat=102&_nc_oc=Q6cZ2QHH240DJ8lESLYMcAQCuf_oP8BjLQlvgmF1uwP6_m7HYOvwGMYxOpOSd8IQkxOoPKY&_nc_ohc=VkKuUfqJFnAQ7kNvwFRDIWh&_nc_gid=ikmCn_9IxRzrcGlwlQHfwA&edm=APs17CUBAAAA&ccb=7-5&oh=00_AffDBDPheKna29ADfs29XlDT8L1nT-nzeGaBHqhYjOn33g&oe=68EDC62A&_nc_sid=10d13b","https://scontent-lga3-1.cdninstagram.com/v/t51.2885-15/560582721_18531862318043990_5949616410741147451_n.webp?stp=dst-jpg_e35_p1080x1080_sh0.08_tt6&_nc_ht=scontent-lga3-1.cdninstagram.com&_nc_cat=102&_nc_oc=Q6cZ2QHH240DJ8lESLYMcAQCuf_oP8BjLQlvgmF1uwP6_m7HYOvwGMYxOpOSd8IQkxOoPKY&_nc_ohc=noSaypr4aYMQ7kNvwF2YGba&_nc_gid=ikmCn_9IxRzrcGlwlQHfwA&edm=APs17CUBAAAA&ccb=7-5&oh=00_AffkoihLro4u309x7c_V6R_TMwJQe7N3nAl2sXPZH0SQUg&oe=68EDA4AC&_nc_sid=10d13b","https://scontent-lga3-1.cdninstagram.com/v/t51.2885-15/561760688_18531862327043990_1876572263231002503_n.webp?stp=dst-jpg_e35_p1080x1080_sh0.08_tt6&_nc_ht=scontent-lga3-1.cdninstagram.com&_nc_cat=102&_nc_oc=Q6cZ2QHH240DJ8lESLYMcAQCuf_oP8BjLQlvgmF1uwP6_m7HYOvwGMYxOpOSd8IQkxOoPKY&_nc_ohc=rKS3hYEEQ8AQ7kNvwEjKExw&_nc_gid=ikmCn_9IxRzrcGlwlQHfwA&edm=APs17CUBAAAA&ccb=7-5&oh=00_AfexCwy6fjPOfhQiDfLtiwFC6eJNqxaVl1s3JVFRr8MHeQ&oe=68EDBA38&_nc_sid=10d13b","https://scontent-lga3-1.cdninstagram.com/v/t51.2885-15/561348548_18531862336043990_5709761165693356146_n.webp?stp=dst-jpg_e35_p1080x1080_sh0.08_tt6&_nc_ht=scontent-lga3-1.cdninstagram.com&_nc_cat=102&_nc_oc=Q6cZ2QHH240DJ8lESLYMcAQCuf_oP8BjLQlvgmF1uwP6_m7HYOvwGMYxOpOSd8IQkxOoPKY&_nc_ohc=KboiJlM1FvYQ7kNvwF9C_5s&_nc_gid=ikmCn_9IxRzrcGlwlQHfwA&edm=APs17CUBAAAA&ccb=7-5&oh=00_AffUWcTfzLBEIxpc39G0IVp9tvRdM_CaUvsy6zMCW5hf9g&oe=68EDBDD9&_nc_sid=10d13b","https://scontent-lga3-1.cdninstagram.com/v/t51.2885-15/561796619_18531862345043990_3663265594602537671_n.webp?stp=dst-jpg_e35_p1080x1080_sh0.08_tt6&_nc_ht=scontent-lga3-1.cdninstagram.com&_nc_cat=102&_nc_oc=Q6cZ2QHH240DJ8lESLYMcAQCuf_oP8BjLQlvgmF1uwP6_m7HYOvwGMYxOpOSd8IQkxOoPKY&_nc_ohc=ClFn9xZX8VkQ7kNvwFAo9Lz&_nc_gid=ikmCn_9IxRzrcGlwlQHfwA&edm=APs17CUBAAAA&ccb=7-5&oh=00_Afecm8SMpDBFUn3ryFkp9_uxcUvrx4s6naETJwcCesG-ww&oe=68EDAE50&_nc_sid=10d13b",,
"""Periods kaa matlab healthy hainn aap"" - a line from Whisper’s initiative that celebrates early menstruation awareness.

In India, menstruation begins in kids’ lives sometimes as early as 8, yet many lack the knowledge and support to manage it. Without proper education and access to sanitary products, millions risk missing school, losing opportunities, and facing stigma at a young age.

The reality is harsher than we talk about. Periods are still treated as shameful or “dirty,” conversations are silenced, and young menstruators are forced to hide or feel embarrassed. This stigma can cause isolation, anxiety, and even dropout from school, making a natural and healthy process a source of fear instead of empowerment.

According to UNICEF's 2023 report, 23% of students in India miss school due to menstruation-related challenges. Awareness, access, and support can change this narrative.

Periods are a sign of health, not a hurdle. Let’s empower the next generation with knowledge, dignity, and the freedom to stay in school.

Spread awareness. Break stigma. Support period education.

[ad, best ad, social awareness, advertising, Whisper, sanitary pads, menstruation, period awareness, early periods, menstrual health, girls education, school dropout, break stigma, period education, health empowerment, young menstruators, India, UNICEF, gender equality, youth empowerment]

#ad #bestad #socialawareness #advertising #Whisper #sanitarypads #menstruation #periodawareness #earlyperiods #menstrualhealth #girlseducation #schooldropout #breakstigma #perieducation #healthempowerment #youngmenstruators #India #UNICEF #genderequality #youthempowerment #reelitfeelit #ReelWithPurpose #ReelOfTheDay #foryourpage #explorepage #hindiad #india #fypppppppppppppppppppppppppppppppppppppppppppppppppppppppppppppppppppppp","10","650","Video","7539","2025-10-08T15:33:22.000Z",,,,,,,,
"CHORUS (Collective Hindsight on Real, Unfiltered Stories) is a unique, fortnightly series by Youth Ki Awaaz that draws from over a decade of unfiltered storytelling by young Indians. With more than 200,000 contributors writing real-life stories written on our open platform, CHORUS analyzes this rich, community-generated archive to uncover hidden patterns, fresh insights, and collective wisdom around critical themes.

CHORUS is rooted in the belief that real change begins with listening to what everyday people are saying, feeling, and experiencing. Unlike conventional journalism and unstructured public polls, YKA has always curated a space for raw, unsolicited, and deeply personal stories and informed opinions.

In Edition 1 of CHORUS, we zoom in on women and workplaces, traced across stories told by women about workplaces and households, about care and compromise, about the quiet recalibration of self. Read the full analysis on the Youth Ki Awaaz website (first link in our bio) to understand what women are navigating, resisting, and reimagining every single day.

[women at work, gender equality, workplace bias, unpaid care work, double burden, marriage and career, motherhood and work, Indian women, youth voices, gender data, storytelling platform, real stories, feminist analysis, data journalism, community insights, career and gender, youth ki awaaz, CHORUS series, collective hindsight, personal narratives, gendered expectations, work-life balance, women’s rights, gender justice, societal pressure, invisible labour, systemic inequality, pandemic impact, working mothers]

#womenatwork #genderequality #invisiblelabour #youthvoices #realstories #workplacebias #indianwomen #datadriven #genderjustice #workingmoms #carework #doubleburden #communityinsights #chorusbyyka #publicpolicy #policymakers #datadriven #datascience #dataanalyais #storytellingmatters #report #thinktank #india #fyp #foryourpage #explorepage #viralpost","0","78","Sidecar",,"2025-07-24T03:32:13.000Z","https://scontent-iad3-1.cdninstagram.com/v/t51.2885-15/522709067_18517476076043990_5695102925935514948_n.webp?stp=dst-jpg_e35_s1080x1080_sh0.08_tt6&_nc_ht=scontent-iad3-1.cdninstagram.com&_nc_cat=102&_nc_oc=Q6cZ2QFNqBobWF8sUMa-UeS8C90GUG4Fzpm_xU4nGAm0MVCzZWKyHPJaecWOx6sGsHmWz9uHBE6XtQgMnfJQ9OJXbf-H&_nc_ohc=pWAyWDC79W4Q7kNvwFIXI34&_nc_gid=HgDKR7EEpDJdOu-lrPC-6w&edm=APs17CUBAAAA&ccb=7-5&oh=00_AfdY3TCFkqOcm5eBlxTTWFqnF9YWpsaQoUC4xyIRhKPkYg&oe=68EDAB3B&_nc_sid=10d13b","https://scontent-iad3-1.cdninstagram.com/v/t51.2885-15/522676268_18517476100043990_6580913865112424523_n.webp?stp=dst-jpg_e35_s1080x1080_sh0.08_tt6&_nc_ht=scontent-iad3-1.cdninstagram.com&_nc_cat=102&_nc_oc=Q6cZ2QFNqBobWF8sUMa-UeS8C90GUG4Fzpm_xU4nGAm0MVCzZWKyHPJaecWOx6sGsHmWz9uHBE6XtQgMnfJQ9OJXbf-H&_nc_ohc=CGMl3COaY9EQ7kNvwHOVfv8&_nc_gid=HgDKR7EEpDJdOu-lrPC-6w&edm=APs17CUBAAAA&ccb=7-5&oh=00_Afd9CEFXe3xPwz1msKIp1zfdqnQ5AtLJFxFhQSbqkYa-eQ&oe=68EDCF6E&_nc_sid=10d13b","https://scontent-iad3-1.cdninstagram.com/v/t51.2885-15/522872065_18517476109043990_843148305609508288_n.webp?stp=dst-jpg_e35_s1080x1080_sh0.08_tt6&_nc_ht=scontent-iad3-1.cdninstagram.com&_nc_cat=102&_nc_oc=Q6cZ2QFNqBobWF8sUMa-UeS8C90GUG4Fzpm_xU4nGAm0MVCzZWKyHPJaecWOx6sGsHmWz9uHBE6XtQgMnfJQ9OJXbf-H&_nc_ohc=Oji5LOGaw3oQ7kNvwHk2s8p&_nc_gid=HgDKR7EEpDJdOu-lrPC-6w&edm=APs17CUBAAAA&ccb=7-5&oh=00_Afdqm3eCWbgME5GRd7Klhq_4sYtzxI7PijvXI6hjk2yv2w&oe=68EDC2B6&_nc_sid=10d13b","https://scontent-iad3-1.cdninstagram.com/v/t51.2885-15/522822873_18517476112043990_1160755664373210551_n.webp?stp=dst-jpg_e35_s1080x1080_sh0.08_tt6&_nc_ht=scontent-iad3-1.cdninstagram.com&_nc_cat=102&_nc_oc=Q6cZ2QFNqBobWF8sUMa-UeS8C90GUG4Fzpm_xU4nGAm0MVCzZWKyHPJaecWOx6sGsHmWz9uHBE6XtQgMnfJQ9OJXbf-H&_nc_ohc=8PgKi1T_mA4Q7kNvwGLQJY3&_nc_gid=HgDKR7EEpDJdOu-lrPC-6w&edm=APs17CUBAAAA&ccb=7-5&oh=00_AfdvcfrrpBFY2fVmUTZRCMRvTUh6k3E7bDtCzPIXSaFltA&oe=68EDD6A4&_nc_sid=10d13b","https://scontent-iad3-1.cdninstagram.com/v/t51.2885-15/522921100_18517476115043990_8907876605046926463_n.webp?stp=dst-jpg_e35_s1080x1080_sh0.08_tt6&_nc_ht=scontent-iad3-1.cdninstagram.com&_nc_cat=102&_nc_oc=Q6cZ2QFNqBobWF8sUMa-UeS8C90GUG4Fzpm_xU4nGAm0MVCzZWKyHPJaecWOx6sGsHmWz9uHBE6XtQgMnfJQ9OJXbf-H&_nc_ohc=YCpdZllLOo8Q7kNvwEyS1_u&_nc_gid=HgDKR7EEpDJdOu-lrPC-6w&edm=APs17CUBAAAA&ccb=7-5&oh=00_Afeo3O3FU5EzpUj7u3hHtpJoIk_ZTVe6uYg6N7i-AJnOUA&oe=68EDB318&_nc_sid=10d13b","https://scontent-iad3-1.cdninstagram.com/v/t51.2885-15/523628831_18517476130043990_7882118191569980906_n.webp?stp=dst-jpg_e35_s1080x1080_sh0.08_tt6&_nc_ht=scontent-iad3-1.cdninstagram.com&_nc_cat=102&_nc_oc=Q6cZ2QFNqBobWF8sUMa-UeS8C90GUG4Fzpm_xU4nGAm0MVCzZWKyHPJaecWOx6sGsHmWz9uHBE6XtQgMnfJQ9OJXbf-H&_nc_ohc=fpcavjqypnsQ7kNvwElip2F&_nc_gid=HgDKR7EEpDJdOu-lrPC-6w&edm=APs17CUBAAAA&ccb=7-5&oh=00_Aff3fFRl_ieugG_aMlfg5B5nTlyWviucYCibr7NDCN3dyA&oe=68EDD7E7&_nc_sid=10d13b","https://scontent-iad3-1.cdninstagram.com/v/t51.2885-15/522139624_18517476142043990_6263536373658758936_n.webp?stp=dst-jpg_e35_s1080x1080_sh0.08_tt6&_nc_ht=scontent-iad3-1.cdninstagram.com&_nc_cat=102&_nc_oc=Q6cZ2QFNqBobWF8sUMa-UeS8C90GUG4Fzpm_xU4nGAm0MVCzZWKyHPJaecWOx6sGsHmWz9uHBE6XtQgMnfJQ9OJXbf-H&_nc_ohc=to0B32TLxRcQ7kNvwFdkWW-&_nc_gid=HgDKR7EEpDJdOu-lrPC-6w&edm=APs17CUBAAAA&ccb=7-5&oh=00_Afe4c73VwmVkt0oAR73r9lu6doUxalgpK-1Bncat4wzspQ&oe=68EDD4F8&_nc_sid=10d13b","https://scontent-iad3-1.cdninstagram.com/v/t51.2885-15/523051578_18517476151043990_2954534473604376506_n.webp?stp=dst-jpg_e35_s1080x1080_sh0.08_tt6&_nc_ht=scontent-iad3-1.cdninstagram.com&_nc_cat=102&_nc_oc=Q6cZ2QFNqBobWF8sUMa-UeS8C90GUG4Fzpm_xU4nGAm0MVCzZWKyHPJaecWOx6sGsHmWz9uHBE6XtQgMnfJQ9OJXbf-H&_nc_ohc=43gDkC0KeYEQ7kNvwF9LOA7&_nc_gid=HgDKR7EEpDJdOu-lrPC-6w&edm=APs17CUBAAAA&ccb=7-5&oh=00_AferSXD10VNkZ-Qo12AcY4gZmiw7DHq-a_EminLY2Ck_UA&oe=68EDC11C&_nc_sid=10d13b"
"""In the era of intolerance, where a sneezing against the will could cost you a jail term, imagining a magnum opus like this is impossible without satisfying the narratives of propagandists. In the end, Haider is not just an adaptation of Hamlet, perhaps, it’s the last bastion of creative freedom in Indian cinema with an uncompromising work that reminds us of the cost of greed, power, propaganda, and silence,"" Himanshu writes on Yoth Ki Awaaz.

[Haider, Vishal Bhardwaj, Shahid Kapoor, Tabu, Irrfan Khan, Shraddha Kapoor, Hamlet adaptation, Curfewed Night, Basharat Peer, Kashmir conflict, Indian cinema, Bollywood classics, cinematic freedom, creative freedom, censorship in Bollywood, banned movies India, political films, artistic expression, Indian filmmakers, Shakespeare in Bollywood, Hamlet in India, cinematic storytelling, Indian film analysis, Bollywood criticism, Kashmir in cinema, Haider analysis, Vishal Bhardwaj trilogy, Maqbool, Omkara, Haider scenes, Indian art films, Bollywood gems, Shahid Kapoor performance, Bollywood storytelling, film lovers India, cult Bollywood movies, Indian social commentary, Bollywood art cinema, freedom of expression India, Bollywood creativity]

#Haider #VishalBhardwaj #ShahidKapoor #Tabu #ShraddhaKapoor #IrrfanKhan #BollywoodCinema #IndianCinema #CinephileIndia #FilmLovers #BollywoodReel #CinemaOfIndia #CreativeFreedom #PopCultureIndia #BollywoodAnalysis #KashmirInCinema #BollywoodStorytelling #DesiMovies #ArtCinemaIndia #BollywoodLegends #ShakespeareInBollywood #HamletAdaptation #RevisitingHaider #IndianFilmCommunity #BollywoodCulture #fyp #explorepage #foryourpage #ɢᴏᴠɪʀᴀʟ","27","4242","Sidecar",,"2025-10-06T05:29:33.000Z","https://scontent-lga3-1.cdninstagram.com/v/t51.2885-15/559361827_18531624238043990_6833297447391923686_n.webp?stp=dst-jpg_e35_p1080x1080_sh0.08_tt6&_nc_ht=scontent-lga3-1.cdninstagram.com&_nc_cat=102&_nc_oc=Q6cZ2QF_pEEa50DoDJFtLzkq1VWaRYYvHy9DHSU-aVlnUJsX6bxz7mF3orUrOBOsEMxfZUk&_nc_ohc=SmhZv_TuA9kQ7kNvwGXs3Vt&_nc_gid=1yZqStydqyKv2KYXg3JjvQ&edm=APs17CUBAAAA&ccb=7-5&oh=00_AffTVqmnkM17kTWcF2iLnKghNZ6tth-CppKfAvEjA0wq1g&oe=68EDC371&_nc_sid=10d13b","https://scontent-lga3-1.cdninstagram.com/v/t51.2885-15/559674163_18531624247043990_9168533164636163056_n.webp?stp=dst-jpg_e35_p1080x1080_sh0.08_tt6&_nc_ht=scontent-lga3-1.cdninstagram.com&_nc_cat=102&_nc_oc=Q6cZ2QF_pEEa50DoDJFtLzkq1VWaRYYvHy9DHSU-aVlnUJsX6bxz7mF3orUrOBOsEMxfZUk&_nc_ohc=cG2rOVXR1lkQ7kNvwEM_Uu2&_nc_gid=1yZqStydqyKv2KYXg3JjvQ&edm=APs17CUBAAAA&ccb=7-5&oh=00_AfdAkDSE5g4aiPrzBh6IiumZLm4CneCQeMcIgfOFIfc1-g&oe=68EDB601&_nc_sid=10d13b","https://scontent-lga3-1.cdninstagram.com/v/t51.2885-15/559656971_18531624256043990_5402350396466938784_n.webp?stp=dst-jpg_e35_p1080x1080_sh0.08_tt6&_nc_ht=scontent-lga3-1.cdninstagram.com&_nc_cat=102&_nc_oc=Q6cZ2QF_pEEa50DoDJFtLzkq1VWaRYYvHy9DHSU-aVlnUJsX6bxz7mF3orUrOBOsEMxfZUk&_nc_ohc=qW8KYPodwdAQ7kNvwEHP8dd&_nc_gid=1yZqStydqyKv2KYXg3JjvQ&edm=APs17CUBAAAA&ccb=7-5&oh=00_AfeSsFQtHDTXLOonl-X4DIcpdhER0iJjhdKWlzsaARQevg&oe=68EDD801&_nc_sid=10d13b","https://scontent-lga3-1.cdninstagram.com/v/t51.2885-15/559569220_18531624265043990_1836361264554392909_n.webp?stp=dst-jpg_e35_p1080x1080_sh0.08_tt6&_nc_ht=scontent-lga3-1.cdninstagram.com&_nc_cat=102&_nc_oc=Q6cZ2QF_pEEa50DoDJFtLzkq1VWaRYYvHy9DHSU-aVlnUJsX6bxz7mF3orUrOBOsEMxfZUk&_nc_ohc=dInWGBkUlTsQ7kNvwE7cMyZ&_nc_gid=1yZqStydqyKv2KYXg3JjvQ&edm=APs17CUBAAAA&ccb=7-5&oh=00_Afdef79b53SG_15HPtkUJW_bZ6bb9GmOckSgKaeeRFKlsQ&oe=68EDCB62&_nc_sid=10d13b","https://scontent-lga3-1.cdninstagram.com/v/t51.2885-15/559651749_18531624274043990_7099550953342124337_n.webp?stp=dst-jpg_e35_p1080x1080_sh0.08_tt6&_nc_ht=scontent-lga3-1.cdninstagram.com&_nc_cat=102&_nc_oc=Q6cZ2QF_pEEa50DoDJFtLzkq1VWaRYYvHy9DHSU-aVlnUJsX6bxz7mF3orUrOBOsEMxfZUk&_nc_ohc=taf4Lfe7sO4Q7kNvwFLE-X0&_nc_gid=1yZqStydqyKv2KYXg3JjvQ&edm=APs17CUBAAAA&ccb=7-5&oh=00_AfdzukftTIn6Gz-Fq259QJvICU-ec39IWVhXI7Lb-2F4kA&oe=68EDB9C1&_nc_sid=10d13b",,,
